id_venta,producto,cantidad,precio_unitario,vendedor
1001,Laptop,2,1500,Ana
1002,Mouse,10,20,Carlos
1003,Teclado,5,45,Ana
1004,Monitor,3,200,Beatriz
1005,Laptop,1,1500,Carlos
1006,Mouse,2,20,Ana
1007,Mouse,12,20,Hugo
1008,Teclado,4,45,Beatriz
1009,RAM,8,90,Beatriz
1010,Impresora,12,250,Jose
1011,Laptop,13,1500,Diego
1012,Webcam,15,60,Elena
1013,Webcam,11,60,Diego
1014,SSD,3,120,Isabel
1015,Monitor,1,200,Jose
1016,Switch,16,95,Fernando
1017,Switch,13,95,Jose
1018,RAM,19,90,Elena
1019,SSD,6,120,Gabriela
1020,Webcam,16,60,Hugo
1021,Router,2,75,Elena
1022,RAM,4,90,Jose
1023,Switch,10,95,Ana
1024,Webcam,17,60,Gabriela
1025,Laptop,14,1500,Hugo
1026,Mouse,9,20,Diego
1027,Mouse,4,20,Fernando
1028,Switch,5,95,Diego
1029,Laptop,20,1500,Carlos
1030,Parlantes,13,110,Fernando
1031,Tablet,8,350,Jose
1032,Tablet,9,350,Elena
1033,Mouse,10,20,Gabriela
1034,USB Hub,5,30,Hugo
1035,Webcam,10,60,Gabriela
1036,Teclado,8,45,Gabriela
1037,RAM,16,90,Elena
1038,Switch,9,95,Isabel
1039,Laptop,19,1500,Carlos
1040,Teclado,16,45,Isabel
1041,Laptop,4,1500,Elena
1042,Mouse,11,20,Diego
1043,RAM,4,90,Jose
1044,Parlantes,16,110,Jose
1045,Router,4,75,Jose
1046,Switch,16,95,Jose
1047,Tablet,3,350,Fernando
1048,Monitor,5,200,Carlos
1049,Tablet,5,350,Fernando
1050,Router,17,75,Elena
1051,Mouse,5,20,Jose
1052,Webcam,8,60,Fernando
1053,Auriculares,10,80,Fernando
1054,RAM,10,90,Hugo
1055,Auriculares,11,80,Ana
1056,SSD,2,120,Jose
1057,Tablet,18,350,Diego
1058,Router,10,75,Carlos
1059,Router,4,75,Fernando
1060,Teclado,17,45,Elena
1061,Router,13,75,Jose
1062,SSD,19,120,Ana
1063,Laptop,9,1500,Carlos
1064,Teclado,11,45,Elena
1065,Tablet,8,350,Isabel
1066,Microfono,10,70,Jose
1067,Auriculares,6,80,Fernando
1068,Laptop,7,1500,Fernando
1069,Laptop,18,1500,Elena
1070,SSD,10,120,Hugo
1071,Auriculares,16,80,Jose
1072,RAM,16,90,Jose
1073,Webcam,7,60,Diego
1074,Microfono,19,70,Diego
1075,Auriculares,14,80,Elena
1076,Router,14,75,Ana
1077,SSD,10,120,Gabriela
1078,Laptop,7,1500,Diego
1079,Auriculares,14,80,Gabriela
1080,RAM,15,90,Ana
1081,Switch,20,95,Gabriela
1082,Teclado,15,45,Gabriela
1083,Mouse,16,20,Elena
1084,RAM,16,90,Gabriela
1085,Laptop,3,1500,Jose
1086,Impresora,19,250,Diego
1087,Router,14,75,Beatriz
1088,Impresora,13,250,Jose
1089,Microfono,20,70,Elena
1090,USB Hub,10,30,Diego
1091,Impresora,14,250,Jose
1092,Impresora,4,250,Jose
1093,Microfono,11,70,Fernando
1094,Microfono,2,70,Gabriela
1095,Microfono,20,70,Carlos
1096,Switch,12,95,Ana
1097,Parlantes,5,110,Fernando
1098,Auriculares,14,80,Jose
1099,Impresora,17,250,Gabriela
1100,RAM,2,90,Diego
1101,Mouse,14,20,Gabriela
1102,Tablet,3,350,Beatriz
1103,USB Hub,6,30,Hugo
1104,Router,4,75,Carlos
1105,Mouse,13,20,Fernando
1106,Teclado,20,45,Hugo
1107,RAM,13,90,Jose
1108,Parlantes,16,110,Jose
1109,Parlantes,19,110,Elena
1110,Mouse,11,20,Jose
1111,Teclado,13,45,Isabel
1112,Mouse,7,20,Ana
1113,Impresora,11,250,Hugo
1114,Microfono,3,70,Isabel
1115,Impresora,20,250,Fernando
1116,USB Hub,9,30,Isabel
1117,Teclado,6,45,Ana
1118,RAM,19,90,Hugo
1119,Monitor,19,200,Elena
1120,Teclado,7,45,Carlos
1121,USB Hub,12,30,Diego
1122,Microfono,13,70,Jose
1123,Switch,16,95,Isabel
1124,USB Hub,10,30,Gabriela
1125,Impresora,12,250,Hugo
1126,USB Hub,2,30,Hugo
1127,Parlantes,1,110,Elena
1128,Webcam,9,60,Jose
1129,Impresora,4,250,Hugo
1130,Parlantes,14,110,Carlos
1131,Switch,15,95,Isabel
1132,Tablet,10,350,Isabel
1133,Teclado,20,45,Isabel
1134,Monitor,1,200,Hugo
1135,Mouse,7,20,Gabriela
1136,SSD,4,120,Gabriela
1137,Tablet,15,350,Fernando
1138,Impresora,18,250,Gabriela
1139,Switch,10,95,Diego
1140,Laptop,16,1500,Beatriz
1141,Teclado,1,45,Isabel
1142,Parlantes,16,110,Hugo
1143,Monitor,12,200,Diego
1144,RAM,8,90,Elena
1145,Webcam,18,60,Jose
1146,Tablet,4,350,Fernando
1147,Microfono,9,70,Gabriela
1148,Parlantes,12,110,Carlos
1149,SSD,2,120,Gabriela
1150,Switch,12,95,Gabriela
1151,Teclado,2,45,Ana
1152,Teclado,20,45,Beatriz
1153,RAM,17,90,Jose
1154,Mouse,2,20,Fernando
1155,Monitor,1,200,Jose
1156,SSD,11,120,Hugo
1157,Auriculares,9,80,Ana
1158,Auriculares,16,80,Hugo
1159,Monitor,3,200,Diego
1160,Laptop,7,1500,Jose
1161,Parlantes,20,110,Ana
1162,Tablet,12,350,Jose
1163,Switch,14,95,Hugo
1164,Laptop,17,1500,Isabel
1165,Parlantes,14,110,Diego
1166,Laptop,18,1500,Hugo
1167,Teclado,16,45,Gabriela
1168,Monitor,11,200,Isabel
1169,Teclado,20,45,Fernando
1170,Mouse,17,20,Fernando
1171,Microfono,3,70,Carlos
1172,Parlantes,15,110,Carlos
1173,Laptop,5,1500,Ana
1174,Parlantes,3,110,Isabel
1175,Teclado,7,45,Beatriz
1176,Mouse,20,20,Hugo
1177,Webcam,11,60,Ana
1178,USB Hub,19,30,Gabriela
1179,Auriculares,8,80,Hugo
1180,Laptop,6,1500,Diego
1181,Laptop,18,1500,Ana
1182,SSD,10,120,Jose
1183,Laptop,20,1500,Ana
1184,USB Hub,2,30,Hugo
1185,USB Hub,9,30,Fernando
1186,Microfono,17,70,Fernando
1187,Teclado,6,45,Isabel
1188,Tablet,11,350,Fernando
1189,Microfono,4,70,Elena
1190,Microfono,20,70,Isabel
1191,Teclado,13,45,Elena
1192,Impresora,19,250,Fernando
1193,Monitor,19,200,Elena
1194,Laptop,13,1500,Beatriz
1195,Mouse,11,20,Gabriela
1196,Impresora,12,250,Elena
1197,Impresora,9,250,Jose
1198,SSD,6,120,Beatriz
1199,Mouse,4,20,Diego
1200,USB Hub,18,30,Carlos
1201,Mouse,15,20,Jose
1202,Switch,8,95,Fernando
1203,Webcam,5,60,Isabel
1204,Auriculares,4,80,Fernando
1205,Auriculares,18,80,Isabel
1206,Teclado,9,45,Elena
1207,RAM,11,90,Carlos
1208,Impresora,16,250,Jose
1209,RAM,10,90,Ana
1210,Teclado,1,45,Diego
1211,Mouse,11,20,Gabriela
1212,Auriculares,15,80,Beatriz
1213,Router,18,75,Beatriz
1214,Impresora,13,250,Hugo
1215,Webcam,2,60,Ana
1216,USB Hub,14,30,Hugo
1217,Teclado,17,45,Elena
1218,Tablet,1,350,Carlos
1219,Microfono,4,70,Hugo
1220,Auriculares,4,80,Jose
1221,Monitor,14,200,Beatriz
1222,Webcam,17,60,Beatriz
1223,Auriculares,19,80,Hugo
1224,Monitor,9,200,Ana
1225,Teclado,20,45,Diego
1226,SSD,4,120,Gabriela
1227,Auriculares,6,80,Diego
1228,Tablet,10,350,Jose
1229,Parlantes,17,110,Fernando
1230,Impresora,20,250,Ana
1231,USB Hub,16,30,Ana
1232,Monitor,9,200,Ana
1233,Webcam,1,60,Gabriela
1234,Impresora,13,250,Fernando
1235,Mouse,3,20,Diego
1236,Router,20,75,Hugo
1237,Auriculares,5,80,Fernando
1238,Router,13,75,Beatriz
1239,Switch,16,95,Elena
1240,Microfono,3,70,Fernando
1241,Microfono,7,70,Isabel
1242,Microfono,11,70,Beatriz
1243,RAM,1,90,Hugo
1244,Mouse,14,20,Carlos
1245,SSD,19,120,Hugo
1246,Monitor,12,200,Gabriela
1247,Laptop,13,1500,Beatriz
1248,Webcam,10,60,Ana
1249,Microfono,7,70,Carlos
1250,SSD,9,120,Elena
1251,Laptop,19,1500,Hugo
1252,Impresora,2,250,Jose
1253,Laptop,16,1500,Diego
1254,USB Hub,14,30,Diego
1255,Mouse,10,20,Fernando
1256,Auriculares,20,80,Carlos
1257,Tablet,13,350,Beatriz
1258,USB Hub,19,30,Isabel
1259,Switch,15,95,Carlos
1260,SSD,18,120,Ana
1261,Teclado,10,45,Fernando
1262,Laptop,16,1500,Gabriela
1263,Microfono,9,70,Isabel
1264,Microfono,12,70,Beatriz
1265,Parlantes,6,110,Isabel
1266,Monitor,20,200,Fernando
1267,Laptop,2,1500,Hugo
1268,Parlantes,20,110,Isabel
1269,Laptop,10,1500,Fernando
1270,Auriculares,16,80,Carlos
1271,Mouse,1,20,Jose
1272,Switch,6,95,Jose
1273,Auriculares,19,80,Isabel
1274,Webcam,17,60,Gabriela
1275,SSD,14,120,Elena
1276,Auriculares,10,80,Elena
1277,Microfono,8,70,Isabel
1278,RAM,3,90,Gabriela
1279,Monitor,14,200,Diego
1280,Router,20,75,Hugo
1281,Router,19,75,Hugo
1282,Monitor,13,200,Hugo
1283,RAM,13,90,Jose
1284,SSD,2,120,Isabel
1285,Mouse,18,20,Jose
1286,Laptop,11,1500,Diego
1287,Tablet,11,350,Jose
1288,Impresora,10,250,Beatriz
1289,RAM,16,90,Carlos
1290,Mouse,6,20,Beatriz
1291,RAM,18,90,Beatriz
1292,Switch,7,95,Ana
1293,Webcam,3,60,Fernando
1294,USB Hub,2,30,Ana
1295,USB Hub,16,30,Jose
1296,RAM,3,90,Elena
1297,Webcam,17,60,Ana
1298,Router,6,75,Fernando
1299,Auriculares,14,80,Jose
1300,USB Hub,9,30,Hugo
1301,Microfono,17,70,Jose
1302,Impresora,10,250,Hugo
1303,Laptop,1,1500,Carlos
1304,Mouse,18,20,Ana
1305,Parlantes,15,110,Elena
1306,Laptop,13,1500,Beatriz
1307,Monitor,8,200,Carlos
1308,Monitor,19,200,Isabel
1309,Microfono,9,70,Isabel
1310,USB Hub,4,30,Fernando
1311,Monitor,4,200,Fernando
1312,Webcam,13,60,Ana
1313,Laptop,19,1500,Ana
1314,Teclado,4,45,Elena
1315,Parlantes,15,110,Isabel
1316,Microfono,4,70,Ana
1317,Auriculares,15,80,Fernando
1318,Mouse,19,20,Beatriz
1319,Mouse,15,20,Fernando
1320,Auriculares,13,80,Gabriela
1321,Teclado,16,45,Carlos
1322,SSD,14,120,Jose
1323,Teclado,3,45,Hugo
1324,Auriculares,10,80,Gabriela
1325,Laptop,13,1500,Fernando
1326,Impresora,19,250,Ana
1327,SSD,8,120,Beatriz
1328,Parlantes,19,110,Elena
1329,Auriculares,3,80,Carlos
1330,Teclado,3,45,Gabriela
1331,Laptop,9,1500,Carlos
1332,Webcam,1,60,Diego
1333,Auriculares,1,80,Jose
1334,Laptop,12,1500,Elena
1335,Teclado,6,45,Hugo
1336,RAM,1,90,Jose
1337,Laptop,9,1500,Hugo
1338,Tablet,5,350,Gabriela
1339,Teclado,18,45,Elena
1340,Monitor,13,200,Beatriz
1341,Webcam,10,60,Carlos
1342,RAM,11,90,Fernando
1343,SSD,8,120,Diego
1344,Mouse,8,20,Isabel
1345,Mouse,6,20,Jose
1346,RAM,16,90,Jose
1347,Router,16,75,Diego
1348,Tablet,9,350,Fernando
1349,Switch,20,95,Fernando
1350,Switch,8,95,Carlos
1351,Switch,20,95,Diego
1352,Monitor,18,200,Ana
1353,Impresora,19,250,Ana
1354,Webcam,12,60,Elena
1355,SSD,4,120,Diego
1356,Auriculares,12,80,Ana
1357,Tablet,13,350,Isabel
1358,Teclado,19,45,Fernando
1359,Router,6,75,Isabel
1360,Webcam,13,60,Jose
1361,Mouse,8,20,Elena
1362,Auriculares,3,80,Isabel
1363,Laptop,19,1500,Fernando
1364,Impresora,6,250,Fernando
1365,Mouse,18,20,Isabel
1366,Microfono,20,70,Fernando
1367,Laptop,1,1500,Beatriz
1368,Parlantes,7,110,Diego
1369,Monitor,10,200,Carlos
1370,Laptop,4,1500,Carlos
1371,Impresora,8,250,Hugo
1372,Switch,13,95,Jose
1373,Switch,8,95,Gabriela
1374,RAM,5,90,Beatriz
1375,USB Hub,17,30,Jose
1376,Impresora,10,250,Diego
1377,Switch,16,95,Hugo
1378,Tablet,10,350,Jose
1379,Teclado,8,45,Hugo
1380,Laptop,9,1500,Diego
1381,Router,3,75,Fernando
1382,Parlantes,10,110,Elena
1383,Auriculares,9,80,Diego
1384,Mouse,15,20,Ana
1385,Teclado,8,45,Beatriz
1386,Router,17,75,Diego
1387,Teclado,8,45,Diego
1388,RAM,14,90,Jose
1389,Webcam,6,60,Elena
1390,Teclado,7,45,Hugo
1391,Switch,7,95,Gabriela
1392,Teclado,5,45,Hugo
1393,Laptop,18,1500,Beatriz
1394,SSD,13,120,Beatriz
1395,Auriculares,8,80,Hugo
1396,Webcam,3,60,Gabriela
1397,Mouse,16,20,Ana
1398,USB Hub,10,30,Fernando
1399,Tablet,8,350,Elena
1400,Tablet,3,350,Hugo
1401,Mouse,19,20,Diego
1402,SSD,4,120,Hugo
1403,Auriculares,10,80,Gabriela
1404,Monitor,9,200,Beatriz
1405,Laptop,3,1500,Gabriela
1406,Parlantes,4,110,Isabel
1407,RAM,6,90,Beatriz
1408,Teclado,16,45,Gabriela
1409,Mouse,16,20,Ana
1410,Auriculares,14,80,Isabel
1411,Monitor,9,200,Beatriz
1412,Tablet,18,350,Elena
1413,Monitor,7,200,Hugo
1414,USB Hub,1,30,Isabel
1415,Teclado,20,45,Diego
1416,RAM,9,90,Hugo
1417,Auriculares,13,80,Elena
1418,SSD,10,120,Elena
1419,Webcam,8,60,Ana
1420,SSD,10,120,Ana
1421,Auriculares,17,80,Jose
1422,USB Hub,18,30,Diego
1423,Webcam,20,60,Carlos
1424,Microfono,18,70,Hugo
1425,Laptop,2,1500,Ana
1426,Laptop,3,1500,Jose
1427,Parlantes,16,110,Isabel
1428,SSD,20,120,Diego
1429,Webcam,3,60,Gabriela
1430,Monitor,3,200,Isabel
1431,Microfono,5,70,Elena
1432,Impresora,12,250,Isabel
1433,USB Hub,10,30,Elena
1434,Monitor,19,200,Jose
1435,Switch,20,95,Gabriela
1436,Tablet,1,350,Fernando
1437,RAM,18,90,Beatriz
1438,Laptop,1,1500,Diego
1439,Switch,1,95,Beatriz
1440,Laptop,6,1500,Beatriz
1441,Microfono,11,70,Elena
1442,USB Hub,4,30,Diego
1443,Impresora,10,250,Jose
1444,Switch,7,95,Fernando
1445,Switch,3,95,Fernando
1446,USB Hub,4,30,Isabel
1447,Router,6,75,Jose
1448,Microfono,17,70,Fernando
1449,USB Hub,11,30,Ana
1450,USB Hub,13,30,Gabriela
1451,Tablet,1,350,Carlos
1452,Mouse,1,20,Jose
1453,Mouse,15,20,Gabriela
1454,Monitor,15,200,Diego
1455,RAM,19,90,Isabel
1456,Auriculares,4,80,Hugo
1457,Switch,9,95,Jose
1458,Webcam,11,60,Hugo
1459,Teclado,17,45,Carlos
1460,Monitor,6,200,Hugo
1461,Switch,7,95,Hugo
1462,USB Hub,11,30,Diego
1463,Mouse,4,20,Ana
1464,Tablet,11,350,Beatriz
1465,Tablet,12,350,Gabriela
1466,Laptop,2,1500,Ana
1467,Monitor,9,200,Isabel
1468,Microfono,10,70,Gabriela
1469,Laptop,11,1500,Diego
1470,Mouse,3,20,Hugo
1471,Laptop,2,1500,Jose
1472,Mouse,10,20,Hugo
1473,USB Hub,2,30,Diego
1474,Auriculares,15,80,Diego
1475,SSD,4,120,Diego
1476,Parlantes,20,110,Hugo
1477,Impresora,6,250,Carlos
1478,Microfono,5,70,Hugo
1479,Laptop,11,1500,Fernando
1480,Monitor,15,200,Gabriela
1481,Router,18,75,Hugo
1482,Laptop,12,1500,Ana
1483,Parlantes,3,110,Elena
1484,Webcam,5,60,Beatriz
1485,Monitor,19,200,Carlos
1486,Webcam,3,60,Beatriz
1487,Teclado,10,45,Isabel
1488,Tablet,8,350,Ana
1489,Parlantes,2,110,Isabel
1490,USB Hub,9,30,Hugo
1491,Impresora,2,250,Fernando
1492,Tablet,20,350,Elena
1493,Mouse,4,20,Ana
1494,Webcam,10,60,Fernando
1495,Auriculares,14,80,Gabriela
1496,Laptop,5,1500,Ana
1497,Switch,17,95,Elena
1498,Laptop,4,1500,Beatriz
1499,Microfono,12,70,Hugo
1500,Parlantes,7,110,Isabel
1501,Router,11,75,Gabriela
1502,Mouse,14,20,Ana
1503,Auriculares,5,80,Hugo
1504,Monitor,11,200,Beatriz
1505,Teclado,8,45,Elena
1506,USB Hub,2,30,Ana
1507,Webcam,18,60,Elena
1508,SSD,3,120,Hugo
1509,Router,9,75,Gabriela
1510,Impresora,10,250,Jose
1511,Tablet,4,350,Beatriz
1512,Auriculares,8,80,Fernando
1513,Mouse,14,20,Jose
1514,Webcam,15,60,Elena
1515,Microfono,12,70,Elena
1516,Tablet,12,350,Carlos
1517,Tablet,1,350,Elena
1518,Monitor,19,200,Ana
1519,USB Hub,9,30,Ana
1520,Switch,16,95,Fernando
1521,Auriculares,1,80,Elena
1522,Parlantes,17,110,Carlos
1523,Auriculares,9,80,Carlos
1524,Tablet,4,350,Ana
1525,Router,16,75,Hugo
1526,Switch,12,95,Ana
1527,Impresora,19,250,Hugo
1528,Impresora,20,250,Beatriz
1529,Switch,10,95,Isabel
1530,Microfono,12,70,Gabriela
1531,Mouse,15,20,Fernando
1532,Switch,5,95,Isabel
1533,Auriculares,1,80,Fernando
1534,RAM,10,90,Gabriela
1535,Microfono,2,70,Ana
1536,Router,10,75,Jose
1537,Impresora,20,250,Jose
1538,Laptop,3,1500,Diego
1539,Microfono,18,70,Hugo
1540,RAM,3,90,Gabriela
1541,Impresora,5,250,Gabriela
1542,SSD,7,120,Elena
1543,Parlantes,11,110,Jose
1544,Impresora,9,250,Isabel
1545,Switch,5,95,Fernando
1546,Parlantes,4,110,Beatriz
1547,Webcam,8,60,Fernando
1548,Teclado,19,45,Carlos
1549,Monitor,20,200,Elena
1550,RAM,13,90,Fernando
1551,SSD,17,120,Diego
1552,RAM,6,90,Gabriela
1553,Webcam,6,60,Fernando
1554,Monitor,9,200,Gabriela
1555,Laptop,15,1500,Elena
1556,Microfono,4,70,Diego
1557,Tablet,16,350,Gabriela
1558,SSD,19,120,Gabriela
1559,Switch,14,95,Jose
1560,Webcam,18,60,Fernando
1561,Mouse,16,20,Isabel
1562,Switch,20,95,Ana
1563,Auriculares,8,80,Hugo
1564,Impresora,7,250,Jose
1565,Monitor,18,200,Hugo
1566,Webcam,16,60,Fernando
1567,RAM,11,90,Elena
1568,Parlantes,13,110,Ana
1569,Switch,6,95,Diego
1570,Microfono,1,70,Isabel
1571,Microfono,4,70,Beatriz
1572,RAM,10,90,Ana
1573,Switch,20,95,Hugo
1574,Switch,7,95,Diego
1575,Switch,11,95,Ana
1576,Laptop,20,1500,Ana
1577,Laptop,14,1500,Gabriela
1578,Mouse,5,20,Isabel
1579,USB Hub,7,30,Isabel
1580,Webcam,9,60,Fernando
1581,Auriculares,12,80,Diego
1582,USB Hub,7,30,Gabriela
1583,Mouse,7,20,Ana
1584,RAM,11,90,Carlos
1585,SSD,11,120,Carlos
1586,Tablet,11,350,Ana
1587,Impresora,11,250,Elena
1588,Tablet,10,350,Jose
1589,Switch,7,95,Jose
1590,RAM,19,90,Jose
1591,SSD,6,120,Gabriela
1592,Teclado,20,45,Jose
1593,Mouse,14,20,Ana
1594,Impresora,13,250,Fernando
1595,Router,7,75,Elena
1596,Laptop,13,1500,Hugo
1597,Webcam,16,60,Carlos
1598,USB Hub,20,30,Beatriz
1599,Auriculares,1,80,Diego
1600,Parlantes,18,110,Ana
1601,Switch,19,95,Isabel
1602,USB Hub,1,30,Jose
1603,Tablet,14,350,Hugo
1604,Impresora,14,250,Beatriz
1605,Auriculares,19,80,Beatriz
1606,Mouse,6,20,Beatriz
1607,Switch,8,95,Diego
1608,Parlantes,16,110,Jose
1609,Router,6,75,Beatriz
1610,Microfono,12,70,Elena
1611,Monitor,13,200,Gabriela
1612,Monitor,6,200,Gabriela
1613,Laptop,11,1500,Jose
1614,USB Hub,9,30,Jose
1615,Mouse,8,20,Jose
1616,Switch,14,95,Elena
1617,Impresora,16,250,Gabriela
1618,Teclado,4,45,Carlos
1619,Mouse,3,20,Diego
1620,RAM,16,90,Fernando
1621,USB Hub,8,30,Hugo
1622,Microfono,13,70,Isabel
1623,Router,16,75,Isabel
1624,Microfono,15,70,Hugo
1625,Impresora,1,250,Elena
1626,Parlantes,14,110,Elena
1627,RAM,9,90,Elena
1628,Mouse,7,20,Ana
1629,Router,19,75,Carlos
1630,Impresora,7,250,Hugo
1631,Teclado,3,45,Gabriela
1632,Switch,11,95,Hugo
1633,SSD,14,120,Fernando
1634,Parlantes,2,110,Elena
1635,RAM,6,90,Diego
1636,Tablet,14,350,Fernando
1637,SSD,12,120,Gabriela
1638,Webcam,10,60,Jose
1639,Microfono,5,70,Isabel
1640,Router,11,75,Fernando
1641,RAM,1,90,Fernando
1642,Monitor,14,200,Beatriz
1643,Webcam,3,60,Isabel
1644,Impresora,4,250,Diego
1645,Router,13,75,Beatriz
1646,Parlantes,12,110,Ana
1647,Mouse,9,20,Beatriz
1648,Impresora,20,250,Jose
1649,SSD,18,120,Isabel
1650,Teclado,16,45,Hugo
1651,SSD,10,120,Elena
1652,Microfono,9,70,Fernando
1653,USB Hub,12,30,Fernando
1654,SSD,13,120,Hugo
1655,RAM,20,90,Jose
1656,Microfono,14,70,Gabriela
1657,Microfono,1,70,Carlos
1658,Mouse,2,20,Ana
1659,Switch,15,95,Carlos
1660,Impresora,13,250,Ana
1661,USB Hub,8,30,Carlos
1662,Auriculares,1,80,Gabriela
1663,Tablet,17,350,Jose
1664,Switch,20,95,Isabel
1665,USB Hub,11,30,Isabel
1666,Microfono,4,70,Isabel
1667,Auriculares,12,80,Gabriela
1668,Teclado,5,45,Diego
1669,Laptop,17,1500,Carlos
1670,Laptop,17,1500,Hugo
1671,Tablet,15,350,Ana
1672,Tablet,7,350,Carlos
1673,Auriculares,3,80,Beatriz
1674,Auriculares,10,80,Elena
1675,Parlantes,18,110,Beatriz
1676,Webcam,17,60,Jose
1677,Monitor,7,200,Hugo
1678,Switch,14,95,Elena
1679,Mouse,4,20,Carlos
1680,Laptop,13,1500,Diego
1681,RAM,11,90,Ana
1682,Monitor,10,200,Isabel
1683,SSD,7,120,Elena
1684,Mouse,15,20,Fernando
1685,Impresora,11,250,Ana
1686,Router,15,75,Jose
1687,Impresora,2,250,Gabriela
1688,Teclado,17,45,Fernando
1689,Microfono,3,70,Carlos
1690,Mouse,11,20,Gabriela
1691,Auriculares,19,80,Jose
1692,Auriculares,12,80,Jose
1693,Parlantes,9,110,Diego
1694,Switch,19,95,Jose
1695,Parlantes,15,110,Elena
1696,SSD,4,120,Gabriela
1697,Parlantes,15,110,Elena
1698,Mouse,10,20,Elena
1699,Webcam,6,60,Gabriela
1700,Laptop,18,1500,Fernando
1701,Microfono,11,70,Jose
1702,Laptop,16,1500,Ana
1703,RAM,3,90,Beatriz
1704,USB Hub,16,30,Hugo
1705,Router,18,75,Diego
1706,Switch,6,95,Hugo
1707,Webcam,6,60,Gabriela
1708,Router,8,75,Diego
1709,Mouse,14,20,Ana
1710,USB Hub,16,30,Beatriz
1711,SSD,8,120,Gabriela
1712,Switch,16,95,Carlos
1713,Parlantes,15,110,Gabriela
1714,Laptop,9,1500,Jose
1715,Router,10,75,Diego
1716,SSD,10,120,Elena
1717,Mouse,15,20,Fernando
1718,Tablet,14,350,Elena
1719,USB Hub,6,30,Beatriz
1720,SSD,13,120,Gabriela
1721,Impresora,8,250,Gabriela
1722,Parlantes,1,110,Carlos
1723,Webcam,9,60,Jose
1724,Impresora,13,250,Elena
1725,RAM,6,90,Jose
1726,RAM,11,90,Fernando
1727,Tablet,9,350,Isabel
1728,RAM,10,90,Ana
1729,Parlantes,15,110,Diego
1730,Microfono,1,70,Hugo
1731,Microfono,6,70,Beatriz
1732,Tablet,8,350,Gabriela
1733,Mouse,11,20,Ana
1734,Router,17,75,Carlos
1735,Monitor,11,200,Gabriela
1736,Switch,11,95,Hugo
1737,Impresora,7,250,Gabriela
1738,Auriculares,19,80,Isabel
1739,USB Hub,6,30,Beatriz
1740,Laptop,16,1500,Hugo
1741,Teclado,12,45,Carlos
1742,Webcam,4,60,Beatriz
1743,Mouse,10,20,Ana
1744,SSD,15,120,Elena
1745,RAM,8,90,Jose
1746,RAM,2,90,Carlos
1747,RAM,10,90,Diego
1748,Switch,13,95,Isabel
1749,RAM,14,90,Ana
1750,Router,13,75,Diego
1751,Microfono,19,70,Beatriz
1752,USB Hub,20,30,Diego
1753,Monitor,15,200,Hugo
1754,Parlantes,4,110,Beatriz
1755,Laptop,2,1500,Ana
1756,RAM,9,90,Gabriela
1757,Impresora,10,250,Diego
1758,Router,15,75,Elena
1759,RAM,11,90,Gabriela
1760,Router,16,75,Carlos
1761,SSD,12,120,Fernando
1762,Tablet,15,350,Diego
1763,Impresora,11,250,Diego
1764,Microfono,3,70,Ana
1765,Parlantes,2,110,Elena
1766,Laptop,9,1500,Diego
1767,Tablet,20,350,Hugo
1768,Laptop,8,1500,Carlos
1769,RAM,7,90,Gabriela
1770,Auriculares,15,80,Fernando
1771,RAM,6,90,Beatriz
1772,USB Hub,2,30,Fernando
1773,Webcam,13,60,Elena
1774,Monitor,8,200,Fernando
1775,Teclado,15,45,Fernando
1776,SSD,17,120,Elena
1777,Teclado,1,45,Elena
1778,Mouse,20,20,Gabriela
1779,Tablet,20,350,Fernando
1780,Impresora,15,250,Elena
1781,Switch,9,95,Elena
1782,Monitor,11,200,Isabel
1783,USB Hub,5,30,Jose
1784,Webcam,12,60,Ana
1785,Impresora,19,250,Carlos
1786,Tablet,8,350,Diego
1787,Mouse,12,20,Isabel
1788,Microfono,5,70,Jose
1789,Monitor,5,200,Diego
1790,Monitor,1,200,Carlos
1791,Router,1,75,Ana
1792,Switch,15,95,Isabel
1793,Teclado,4,45,Diego
1794,Webcam,11,60,Jose
1795,Switch,14,95,Hugo
1796,Laptop,20,1500,Ana
1797,Switch,17,95,Diego
1798,Laptop,15,1500,Beatriz
1799,Router,17,75,Jose
1800,Switch,4,95,Hugo
1801,Router,20,75,Ana
1802,Auriculares,20,80,Hugo
1803,Auriculares,5,80,Beatriz
1804,Webcam,12,60,Diego
1805,RAM,20,90,Diego
1806,RAM,6,90,Isabel
1807,Auriculares,17,80,Isabel
1808,Tablet,18,350,Ana
1809,Webcam,11,60,Fernando
1810,Parlantes,9,110,Jose
1811,Laptop,20,1500,Isabel
1812,Mouse,9,20,Elena
1813,Laptop,11,1500,Ana
1814,Microfono,14,70,Gabriela
1815,Microfono,19,70,Diego
1816,Switch,1,95,Carlos
1817,Switch,19,95,Carlos
1818,Teclado,7,45,Fernando
1819,Webcam,18,60,Jose
1820,Tablet,1,350,Elena
1821,SSD,5,120,Ana
1822,Auriculares,17,80,Carlos
1823,Router,1,75,Diego
1824,Monitor,13,200,Elena
1825,Laptop,5,1500,Carlos
1826,Microfono,8,70,Jose
1827,Mouse,11,20,Diego
1828,Tablet,17,350,Beatriz
1829,Tablet,2,350,Fernando
1830,Laptop,18,1500,Jose
1831,Mouse,20,20,Jose
1832,Router,9,75,Gabriela
1833,Webcam,9,60,Ana
1834,Microfono,19,70,Hugo
1835,Auriculares,11,80,Elena
1836,Router,12,75,Isabel
1837,Monitor,10,200,Beatriz
1838,Parlantes,12,110,Beatriz
1839,Switch,12,95,Beatriz
1840,Impresora,13,250,Isabel
1841,USB Hub,10,30,Carlos
1842,Webcam,10,60,Beatriz
1843,Teclado,7,45,Carlos
1844,Laptop,14,1500,Carlos
1845,USB Hub,9,30,Fernando
1846,Impresora,4,250,Jose
1847,Monitor,16,200,Ana
1848,Router,1,75,Gabriela
1849,Mouse,19,20,Diego
1850,Auriculares,16,80,Elena
1851,Teclado,13,45,Fernando
1852,Switch,18,95,Diego
1853,Auriculares,9,80,Elena
1854,RAM,6,90,Carlos
1855,SSD,7,120,Fernando
1856,Auriculares,9,80,Jose
1857,Laptop,12,1500,Fernando
1858,Router,10,75,Gabriela
1859,Parlantes,12,110,Ana
1860,Tablet,19,350,Gabriela
1861,RAM,12,90,Diego
1862,Microfono,10,70,Diego
1863,Webcam,4,60,Diego
1864,RAM,19,90,Isabel
1865,Webcam,13,60,Jose
1866,Parlantes,16,110,Hugo
1867,USB Hub,4,30,Fernando
1868,Tablet,14,350,Diego
1869,Router,14,75,Gabriela
1870,Teclado,10,45,Carlos
1871,SSD,4,120,Elena
1872,Mouse,19,20,Fernando
1873,Microfono,2,70,Diego
1874,Monitor,14,200,Beatriz
1875,Parlantes,18,110,Carlos
1876,Webcam,17,60,Carlos
1877,Mouse,9,20,Ana
1878,Monitor,15,200,Beatriz
1879,Monitor,19,200,Gabriela
1880,SSD,6,120,Isabel
1881,RAM,2,90,Beatriz
1882,Mouse,5,20,Hugo
1883,Mouse,1,20,Fernando
1884,Router,2,75,Diego
1885,Laptop,18,1500,Diego
1886,Switch,4,95,Gabriela
1887,Teclado,19,45,Ana
1888,Monitor,20,200,Isabel
1889,Tablet,3,350,Jose
1890,Microfono,5,70,Ana
1891,Auriculares,8,80,Hugo
1892,Auriculares,12,80,Diego
1893,SSD,2,120,Gabriela
1894,Router,9,75,Jose
1895,RAM,20,90,Hugo
1896,Microfono,20,70,Fernando
1897,Impresora,16,250,Jose
1898,SSD,20,120,Jose
1899,Switch,5,95,Carlos
1900,RAM,10,90,Carlos
1901,Tablet,4,350,Hugo
1902,Teclado,14,45,Jose
1903,Webcam,11,60,Carlos
1904,Switch,9,95,Ana
1905,Mouse,8,20,Beatriz
1906,Auriculares,16,80,Beatriz
1907,Webcam,5,60,Isabel
1908,Router,13,75,Gabriela
1909,Microfono,14,70,Fernando
1910,Microfono,14,70,Beatriz
1911,Impresora,8,250,Elena
1912,Microfono,18,70,Isabel
1913,Router,19,75,Ana
1914,Microfono,14,70,Ana
1915,Impresora,5,250,Beatriz
1916,Teclado,3,45,Hugo
1917,RAM,11,90,Carlos
1918,Router,15,75,Ana
1919,Mouse,13,20,Fernando
1920,Tablet,8,350,Carlos
1921,Monitor,8,200,Carlos
1922,Laptop,17,1500,Ana
1923,Monitor,16,200,Isabel
1924,Parlantes,8,110,Isabel
1925,SSD,15,120,Elena
1926,Teclado,20,45,Fernando
1927,USB Hub,15,30,Isabel
1928,Switch,3,95,Ana
1929,Parlantes,19,110,Gabriela
1930,Auriculares,2,80,Diego
1931,Mouse,16,20,Beatriz
1932,RAM,13,90,Gabriela
1933,RAM,6,90,Gabriela
1934,RAM,20,90,Gabriela
1935,Impresora,12,250,Ana
1936,SSD,4,120,Diego
1937,SSD,15,120,Hugo
1938,Auriculares,4,80,Fernando
1939,SSD,7,120,Elena
1940,RAM,7,90,Diego
1941,Monitor,15,200,Beatriz
1942,Parlantes,13,110,Hugo
1943,SSD,5,120,Diego
1944,Monitor,11,200,Elena
1945,Monitor,2,200,Carlos
1946,USB Hub,19,30,Elena
1947,Switch,14,95,Fernando
1948,Tablet,10,350,Fernando
1949,SSD,13,120,Ana
1950,Webcam,10,60,Gabriela
1951,Impresora,8,250,Diego
1952,Parlantes,11,110,Carlos
1953,Auriculares,8,80,Carlos
1954,Laptop,18,1500,Isabel
1955,Auriculares,5,80,Elena
1956,Monitor,10,200,Jose
1957,SSD,14,120,Hugo
1958,USB Hub,13,30,Hugo
1959,Teclado,10,45,Gabriela
1960,SSD,15,120,Carlos
1961,Teclado,18,45,Gabriela
1962,Mouse,18,20,Gabriela
1963,Parlantes,5,110,Ana
1964,Switch,13,95,Diego
1965,SSD,15,120,Jose
1966,Impresora,12,250,Elena
1967,Webcam,3,60,Elena
1968,Tablet,2,350,Jose
1969,Laptop,7,1500,Isabel
1970,Tablet,2,350,Hugo
1971,Auriculares,7,80,Carlos
1972,Webcam,16,60,Elena
1973,Mouse,15,20,Diego
1974,USB Hub,9,30,Beatriz
1975,Webcam,8,60,Diego
1976,Monitor,12,200,Ana
1977,USB Hub,12,30,Elena
1978,Auriculares,18,80,Elena
1979,Mouse,8,20,Hugo
1980,Parlantes,4,110,Beatriz
1981,Mouse,5,20,Ana
1982,USB Hub,5,30,Hugo
1983,Router,7,75,Diego
1984,Monitor,14,200,Isabel
1985,Auriculares,20,80,Beatriz
1986,Laptop,12,1500,Isabel
1987,Auriculares,6,80,Diego
1988,Microfono,15,70,Ana
1989,USB Hub,2,30,Diego
1990,Auriculares,5,80,Carlos
1991,Mouse,3,20,Jose
1992,Switch,4,95,Beatriz
1993,SSD,14,120,Carlos
1994,Monitor,2,200,Ana
1995,Teclado,11,45,Fernando
1996,Switch,10,95,Isabel
1997,USB Hub,10,30,Ana
1998,Tablet,12,350,Jose
1999,Tablet,2,350,Gabriela
2000,USB Hub,17,30,Jose
2001,Impresora,12,250,Hugo
2002,Tablet,11,350,Isabel
2003,SSD,11,120,Gabriela
2004,Microfono,6,70,Carlos
2005,Mouse,8,20,Hugo
2006,SSD,11,120,Hugo
2007,Microfono,6,70,Carlos
2008,Router,14,75,Ana
2009,Teclado,12,45,Diego
2010,Switch,6,95,Diego
2011,Switch,17,95,Fernando
2012,USB Hub,3,30,Beatriz
2013,Router,18,75,Jose
2014,Laptop,17,1500,Hugo
2015,Auriculares,16,80,Ana
2016,Webcam,2,60,Ana
2017,Teclado,4,45,Hugo
2018,USB Hub,1,30,Fernando
2019,Auriculares,14,80,Beatriz
2020,Switch,8,95,Diego
2021,Switch,9,95,Ana
2022,Tablet,11,350,Elena
2023,Webcam,13,60,Jose
2024,Auriculares,11,80,Hugo
2025,Webcam,5,60,Diego
2026,RAM,8,90,Hugo
2027,Webcam,2,60,Beatriz
2028,Microfono,16,70,Diego
2029,USB Hub,14,30,Elena
2030,Laptop,19,1500,Isabel
2031,Webcam,14,60,Elena
2032,Impresora,9,250,Elena
2033,Teclado,5,45,Elena
2034,RAM,11,90,Gabriela
2035,Impresora,11,250,Isabel
2036,Webcam,18,60,Jose
2037,Tablet,14,350,Jose
2038,Webcam,5,60,Isabel
2039,Impresora,18,250,Beatriz
2040,Mouse,13,20,Beatriz
2041,Laptop,12,1500,Beatriz
2042,Monitor,10,200,Elena
2043,Impresora,15,250,Gabriela
2044,Impresora,9,250,Gabriela
2045,USB Hub,1,30,Carlos
2046,Tablet,14,350,Fernando
2047,Router,12,75,Carlos
2048,Teclado,20,45,Ana
2049,Monitor,13,200,Isabel
2050,Impresora,9,250,Gabriela
2051,Monitor,11,200,Gabriela
2052,Laptop,5,1500,Diego
2053,Auriculares,15,80,Carlos
2054,Switch,15,95,Diego
2055,Router,4,75,Diego
2056,Mouse,4,20,Carlos
2057,SSD,1,120,Isabel
2058,RAM,15,90,Beatriz
2059,Impresora,15,250,Beatriz
2060,Laptop,7,1500,Gabriela
2061,Auriculares,17,80,Jose
2062,SSD,18,120,Beatriz
2063,Router,17,75,Carlos
2064,Auriculares,8,80,Gabriela
2065,Router,10,75,Carlos
2066,RAM,6,90,Jose
2067,Teclado,15,45,Hugo
2068,Parlantes,9,110,Diego
2069,Parlantes,15,110,Jose
2070,Router,14,75,Diego
2071,Tablet,19,350,Gabriela
2072,Parlantes,14,110,Fernando
2073,Mouse,11,20,Carlos
2074,Tablet,15,350,Fernando
2075,Parlantes,10,110,Ana
2076,Webcam,18,60,Diego
2077,Tablet,13,350,Fernando
2078,Teclado,3,45,Fernando
2079,Teclado,5,45,Carlos
2080,Parlantes,12,110,Diego
2081,Webcam,9,60,Gabriela
2082,Router,2,75,Beatriz
2083,Mouse,8,20,Ana
2084,Auriculares,20,80,Gabriela
2085,SSD,6,120,Isabel
2086,Monitor,8,200,Isabel
2087,Teclado,19,45,Isabel
2088,Router,12,75,Elena
2089,Teclado,9,45,Ana
2090,Parlantes,11,110,Hugo
2091,Tablet,10,350,Carlos
2092,Monitor,18,200,Ana
2093,Auriculares,9,80,Diego
2094,Router,10,75,Gabriela
2095,Teclado,11,45,Gabriela
2096,USB Hub,15,30,Isabel
2097,RAM,2,90,Elena
2098,Teclado,20,45,Isabel
2099,Monitor,7,200,Ana
2100,Mouse,17,20,Carlos
2101,Monitor,6,200,Ana
2102,Auriculares,7,80,Ana
2103,Microfono,13,70,Isabel
2104,Teclado,6,45,Hugo
2105,Laptop,6,1500,Beatriz
2106,Parlantes,13,110,Fernando
2107,Teclado,1,45,Diego
2108,Switch,7,95,Diego
2109,Impresora,9,250,Beatriz
2110,USB Hub,2,30,Gabriela
2111,Monitor,12,200,Carlos
2112,RAM,8,90,Isabel
2113,Auriculares,5,80,Isabel
2114,Microfono,5,70,Isabel
2115,Router,3,75,Diego
2116,Microfono,8,70,Isabel
2117,Switch,9,95,Hugo
2118,Webcam,7,60,Ana
2119,SSD,11,120,Carlos
2120,Impresora,18,250,Elena
2121,Teclado,11,45,Ana
2122,Laptop,1,1500,Jose
2123,Microfono,18,70,Isabel
2124,Parlantes,11,110,Diego
2125,Switch,20,95,Elena
2126,Teclado,7,45,Ana
2127,Tablet,12,350,Jose
2128,Router,13,75,Fernando
2129,Microfono,18,70,Diego
2130,Teclado,14,45,Elena
2131,Laptop,6,1500,Ana
2132,Microfono,12,70,Isabel
2133,Impresora,12,250,Isabel
2134,Webcam,13,60,Ana
2135,Laptop,2,1500,Jose
2136,Microfono,7,70,Carlos
2137,Parlantes,13,110,Diego
2138,Mouse,18,20,Carlos
2139,Webcam,3,60,Hugo
2140,Teclado,19,45,Elena
2141,Auriculares,8,80,Beatriz
2142,Impresora,18,250,Gabriela
2143,Microfono,6,70,Hugo
2144,Teclado,9,45,Jose
2145,USB Hub,9,30,Ana
2146,Impresora,17,250,Fernando
2147,Webcam,2,60,Carlos
2148,Auriculares,17,80,Ana
2149,Tablet,2,350,Carlos
2150,Switch,9,95,Fernando
2151,USB Hub,17,30,Beatriz
2152,Monitor,1,200,Fernando
2153,Microfono,5,70,Elena
2154,USB Hub,8,30,Beatriz
2155,Tablet,5,350,Fernando
2156,Microfono,15,70,Diego
2157,Teclado,4,45,Isabel
2158,Webcam,12,60,Isabel
2159,Impresora,1,250,Elena
2160,Teclado,19,45,Carlos
2161,Tablet,15,350,Ana
2162,Monitor,15,200,Isabel
2163,Auriculares,9,80,Carlos
2164,Router,6,75,Carlos
2165,Router,19,75,Hugo
2166,Auriculares,19,80,Ana
2167,Teclado,18,45,Elena
2168,SSD,1,120,Jose
2169,Router,7,75,Carlos
2170,Webcam,3,60,Gabriela
2171,RAM,18,90,Fernando
2172,RAM,1,90,Diego
2173,Microfono,19,70,Carlos
2174,Monitor,5,200,Hugo
2175,Auriculares,17,80,Elena
2176,Parlantes,3,110,Hugo
2177,Mouse,4,20,Hugo
2178,Auriculares,6,80,Jose
2179,Mouse,18,20,Diego
2180,Teclado,17,45,Gabriela
2181,Monitor,20,200,Ana
2182,Impresora,13,250,Carlos
2183,RAM,12,90,Hugo
2184,Teclado,18,45,Jose
2185,Impresora,1,250,Jose
2186,RAM,9,90,Fernando
2187,RAM,3,90,Diego
2188,Impresora,19,250,Ana
2189,Mouse,1,20,Diego
2190,Parlantes,5,110,Elena
2191,Auriculares,17,80,Isabel
2192,Mouse,13,20,Gabriela
2193,Teclado,12,45,Ana
2194,Router,6,75,Elena
2195,Teclado,8,45,Gabriela
2196,Switch,9,95,Fernando
2197,SSD,20,120,Fernando
2198,USB Hub,2,30,Jose
2199,Webcam,17,60,Elena
2200,RAM,18,90,Isabel
2201,USB Hub,18,30,Carlos
2202,Tablet,2,350,Fernando
2203,Webcam,18,60,Gabriela
2204,Laptop,15,1500,Diego
2205,Tablet,4,350,Isabel
2206,Switch,12,95,Ana
2207,Mouse,14,20,Elena
2208,Webcam,2,60,Isabel
2209,RAM,9,90,Gabriela
2210,Laptop,12,1500,Isabel
2211,Monitor,6,200,Carlos
2212,Teclado,19,45,Diego
2213,Webcam,15,60,Isabel
2214,Microfono,3,70,Elena
2215,Impresora,9,250,Beatriz
2216,Microfono,12,70,Carlos
2217,USB Hub,3,30,Fernando
2218,RAM,9,90,Jose
2219,Parlantes,13,110,Carlos
2220,USB Hub,5,30,Isabel
2221,SSD,20,120,Diego
2222,Microfono,15,70,Carlos
2223,Router,1,75,Diego
2224,USB Hub,13,30,Elena
2225,Laptop,5,1500,Elena
2226,Webcam,1,60,Elena
2227,Teclado,2,45,Hugo
2228,Router,11,75,Carlos
2229,Monitor,3,200,Fernando
2230,Mouse,1,20,Jose
2231,Webcam,20,60,Jose
2232,Parlantes,9,110,Diego
2233,Parlantes,9,110,Jose
2234,Laptop,9,1500,Jose
2235,Auriculares,19,80,Jose
2236,Router,5,75,Gabriela
2237,Router,7,75,Ana
2238,Monitor,9,200,Elena
2239,Teclado,6,45,Isabel
2240,Switch,9,95,Carlos
2241,Microfono,9,70,Hugo
2242,RAM,10,90,Elena
2243,Tablet,14,350,Gabriela
2244,Webcam,6,60,Hugo
2245,Tablet,1,350,Isabel
2246,Teclado,5,45,Fernando
2247,Tablet,12,350,Beatriz
2248,Auriculares,18,80,Isabel
2249,Teclado,9,45,Ana
2250,Webcam,6,60,Carlos
2251,Monitor,3,200,Diego
2252,Monitor,9,200,Ana
2253,Microfono,17,70,Beatriz
2254,Webcam,2,60,Jose
2255,Laptop,9,1500,Gabriela
2256,Router,3,75,Isabel
2257,Webcam,11,60,Ana
2258,Router,12,75,Ana
2259,Auriculares,5,80,Ana
2260,SSD,12,120,Fernando
2261,Impresora,12,250,Carlos
2262,Router,18,75,Carlos
2263,USB Hub,18,30,Fernando
2264,Router,18,75,Carlos
2265,Impresora,17,250,Beatriz
2266,Router,19,75,Isabel
2267,USB Hub,9,30,Ana
2268,RAM,7,90,Ana
2269,Teclado,13,45,Hugo
2270,RAM,14,90,Gabriela
2271,Auriculares,16,80,Jose
2272,Mouse,19,20,Ana
2273,Impresora,4,250,Diego
2274,Auriculares,7,80,Isabel
2275,Auriculares,6,80,Diego
2276,Laptop,11,1500,Diego
2277,Teclado,11,45,Elena
2278,Tablet,19,350,Gabriela
2279,Monitor,20,200,Beatriz
2280,Impresora,16,250,Fernando
2281,Webcam,5,60,Diego
2282,Monitor,8,200,Hugo
2283,Microfono,18,70,Elena
2284,SSD,2,120,Isabel
2285,Webcam,12,60,Ana
2286,Router,14,75,Gabriela
2287,Parlantes,1,110,Hugo
2288,Microfono,5,70,Fernando
2289,Switch,18,95,Hugo
2290,Router,17,75,Carlos
2291,Webcam,2,60,Fernando
2292,Parlantes,18,110,Ana
2293,Webcam,3,60,Isabel
2294,Teclado,12,45,Hugo
2295,Mouse,12,20,Gabriela
2296,Mouse,11,20,Gabriela
2297,Monitor,13,200,Gabriela
2298,USB Hub,7,30,Hugo
2299,Webcam,1,60,Beatriz
2300,Microfono,17,70,Gabriela
2301,Auriculares,4,80,Fernando
2302,SSD,7,120,Gabriela
2303,Switch,20,95,Beatriz
2304,Mouse,9,20,Isabel
2305,Impresora,20,250,Ana
2306,USB Hub,8,30,Fernando
2307,Mouse,5,20,Isabel
2308,RAM,11,90,Gabriela
2309,SSD,2,120,Fernando
2310,SSD,4,120,Beatriz
2311,Microfono,4,70,Gabriela
2312,Impresora,18,250,Diego
2313,RAM,13,90,Elena
2314,SSD,18,120,Hugo
2315,Impresora,10,250,Gabriela
2316,Switch,8,95,Diego
2317,Impresora,12,250,Gabriela
2318,RAM,16,90,Diego
2319,Monitor,2,200,Hugo
2320,Mouse,14,20,Beatriz
2321,Router,15,75,Gabriela
2322,Laptop,19,1500,Isabel
2323,Teclado,3,45,Diego
2324,Impresora,20,250,Gabriela
2325,Auriculares,7,80,Gabriela
2326,Monitor,14,200,Isabel
2327,Auriculares,13,80,Beatriz
2328,Tablet,14,350,Jose
2329,USB Hub,5,30,Ana
2330,Switch,15,95,Hugo
2331,Monitor,20,200,Beatriz
2332,Router,3,75,Ana
2333,Webcam,10,60,Jose
2334,Tablet,4,350,Carlos
2335,Parlantes,9,110,Diego
2336,Webcam,2,60,Jose
2337,Laptop,1,1500,Jose
2338,RAM,14,90,Gabriela
2339,USB Hub,6,30,Beatriz
2340,Laptop,4,1500,Gabriela
2341,Monitor,2,200,Beatriz
2342,SSD,13,120,Ana
2343,Tablet,9,350,Ana
2344,Tablet,3,350,Beatriz
2345,Monitor,3,200,Hugo
2346,RAM,8,90,Ana
2347,Tablet,9,350,Isabel
2348,Teclado,8,45,Diego
2349,Auriculares,7,80,Ana
2350,Microfono,1,70,Carlos
2351,Impresora,1,250,Elena
2352,Laptop,10,1500,Isabel
2353,Webcam,12,60,Gabriela
2354,Mouse,19,20,Ana
2355,Auriculares,20,80,Jose
2356,Mouse,11,20,Carlos
2357,Tablet,17,350,Gabriela
2358,Tablet,10,350,Ana
2359,Teclado,5,45,Beatriz
2360,Parlantes,1,110,Ana
2361,Microfono,2,70,Diego
2362,Router,17,75,Diego
2363,Laptop,1,1500,Beatriz
2364,Webcam,20,60,Elena
2365,Webcam,19,60,Hugo
2366,Auriculares,12,80,Hugo
2367,Auriculares,14,80,Ana
2368,USB Hub,5,30,Carlos
2369,Parlantes,4,110,Ana
2370,Laptop,6,1500,Diego
2371,Parlantes,11,110,Jose
2372,Parlantes,15,110,Carlos
2373,Switch,8,95,Isabel
2374,Parlantes,16,110,Elena
2375,Parlantes,11,110,Hugo
2376,Webcam,18,60,Beatriz
2377,Mouse,13,20,Fernando
2378,Teclado,14,45,Ana
2379,RAM,5,90,Elena
2380,Impresora,13,250,Fernando
2381,Monitor,4,200,Fernando
2382,Monitor,16,200,Diego
2383,Teclado,3,45,Carlos
2384,Mouse,5,20,Ana
2385,SSD,13,120,Carlos
2386,Teclado,4,45,Ana
2387,Webcam,13,60,Gabriela
2388,Mouse,2,20,Elena
2389,Parlantes,14,110,Carlos
2390,Microfono,13,70,Gabriela
2391,RAM,12,90,Hugo
2392,Switch,3,95,Diego
2393,Microfono,14,70,Hugo
2394,Parlantes,6,110,Carlos
2395,Router,4,75,Hugo
2396,Router,18,75,Fernando
2397,Impresora,12,250,Fernando
2398,USB Hub,16,30,Diego
2399,Teclado,2,45,Gabriela
2400,Mouse,12,20,Isabel
2401,SSD,10,120,Jose
2402,Microfono,13,70,Ana
2403,Webcam,9,60,Ana
2404,RAM,3,90,Gabriela
2405,Tablet,8,350,Jose
2406,Auriculares,9,80,Carlos
2407,Router,14,75,Isabel
2408,Auriculares,6,80,Carlos
2409,RAM,4,90,Fernando
2410,Auriculares,19,80,Ana
2411,Mouse,20,20,Diego
2412,Tablet,5,350,Isabel
2413,SSD,10,120,Diego
2414,Laptop,11,1500,Hugo
2415,Tablet,14,350,Isabel
2416,Auriculares,5,80,Isabel
2417,RAM,20,90,Carlos
2418,Teclado,15,45,Jose
2419,Impresora,17,250,Gabriela
2420,Parlantes,19,110,Elena
2421,Laptop,5,1500,Beatriz
2422,SSD,11,120,Diego
2423,Laptop,1,1500,Hugo
2424,Router,5,75,Carlos
2425,Router,3,75,Diego
2426,Router,17,75,Elena
2427,Auriculares,12,80,Gabriela
2428,Mouse,5,20,Hugo
2429,Microfono,19,70,Hugo
2430,USB Hub,16,30,Fernando
2431,Monitor,4,200,Diego
2432,Monitor,11,200,Beatriz
2433,Auriculares,5,80,Carlos
2434,Parlantes,13,110,Hugo
2435,SSD,3,120,Hugo
2436,Tablet,2,350,Diego
2437,Microfono,12,70,Hugo
2438,Tablet,13,350,Fernando
2439,Impresora,18,250,Elena
2440,USB Hub,14,30,Hugo
2441,Switch,10,95,Fernando
2442,Impresora,16,250,Jose
2443,Webcam,15,60,Hugo
2444,Webcam,12,60,Gabriela
2445,USB Hub,11,30,Fernando
2446,Teclado,20,45,Jose
2447,Tablet,3,350,Carlos
2448,USB Hub,10,30,Fernando
2449,Laptop,20,1500,Elena
2450,Microfono,6,70,Jose
2451,USB Hub,1,30,Carlos
2452,Auriculares,10,80,Elena
2453,Auriculares,13,80,Jose
2454,USB Hub,19,30,Fernando
2455,Webcam,15,60,Elena
2456,Tablet,8,350,Fernando
2457,Mouse,3,20,Gabriela
2458,Tablet,20,350,Fernando
2459,Switch,9,95,Elena
2460,Mouse,18,20,Elena
2461,Auriculares,1,80,Diego
2462,Parlantes,6,110,Fernando
2463,USB Hub,5,30,Diego
2464,Auriculares,11,80,Elena
2465,Webcam,20,60,Carlos
2466,SSD,7,120,Hugo
2467,Tablet,10,350,Hugo
2468,Auriculares,5,80,Diego
2469,Parlantes,20,110,Fernando
2470,Auriculares,19,80,Beatriz
2471,Monitor,17,200,Elena
2472,Mouse,16,20,Gabriela
2473,Microfono,10,70,Gabriela
2474,Impresora,12,250,Hugo
2475,Router,10,75,Carlos
2476,Webcam,16,60,Isabel
2477,Impresora,1,250,Diego
2478,Mouse,11,20,Jose
2479,Webcam,4,60,Hugo
2480,Laptop,19,1500,Ana
2481,Monitor,8,200,Isabel
2482,Monitor,17,200,Ana
2483,SSD,15,120,Diego
2484,Teclado,5,45,Carlos
2485,Router,18,75,Carlos
2486,Router,2,75,Gabriela
2487,Switch,6,95,Ana
2488,Router,5,75,Carlos
2489,Switch,14,95,Isabel
2490,Monitor,3,200,Jose
2491,Laptop,5,1500,Elena
2492,Microfono,12,70,Elena
2493,USB Hub,18,30,Ana
2494,Webcam,20,60,Elena
2495,Tablet,1,350,Elena
2496,Router,16,75,Beatriz
2497,Teclado,19,45,Diego
2498,USB Hub,11,30,Elena
2499,Impresora,15,250,Jose
2500,Auriculares,18,80,Beatriz
2501,Laptop,17,1500,Jose
2502,Laptop,19,1500,Gabriela
2503,USB Hub,9,30,Fernando
2504,Microfono,2,70,Elena
2505,Laptop,15,1500,Fernando
2506,Mouse,14,20,Beatriz
2507,Laptop,3,1500,Ana
2508,Teclado,18,45,Beatriz
2509,Switch,4,95,Fernando
2510,Tablet,11,350,Carlos
2511,Auriculares,3,80,Carlos
2512,Laptop,9,1500,Isabel
2513,Mouse,18,20,Diego
2514,Impresora,10,250,Elena
2515,Router,9,75,Hugo
2516,Webcam,15,60,Fernando
2517,Teclado,14,45,Isabel
2518,Parlantes,1,110,Elena
2519,SSD,5,120,Gabriela
2520,Mouse,5,20,Hugo
2521,Impresora,11,250,Carlos
2522,Monitor,8,200,Gabriela
2523,Switch,20,95,Beatriz
2524,Impresora,16,250,Fernando
2525,Webcam,16,60,Beatriz
2526,Laptop,15,1500,Diego
2527,Impresora,20,250,Beatriz
2528,Router,15,75,Jose
2529,Monitor,1,200,Fernando
2530,Switch,6,95,Diego
2531,Auriculares,8,80,Beatriz
2532,Parlantes,4,110,Jose
2533,Webcam,12,60,Carlos
2534,Impresora,2,250,Diego
2535,RAM,16,90,Isabel
2536,Webcam,8,60,Hugo
2537,Teclado,2,45,Diego
2538,Auriculares,2,80,Carlos
2539,SSD,18,120,Elena
2540,Switch,8,95,Gabriela
2541,Monitor,7,200,Beatriz
2542,Monitor,11,200,Ana
2543,RAM,6,90,Isabel
2544,SSD,6,120,Elena
2545,USB Hub,15,30,Beatriz
2546,Teclado,4,45,Gabriela
2547,Switch,2,95,Diego
2548,Mouse,3,20,Carlos
2549,Parlantes,10,110,Elena
2550,Router,5,75,Beatriz
2551,USB Hub,4,30,Beatriz
2552,RAM,18,90,Elena
2553,Switch,5,95,Fernando
2554,Impresora,20,250,Jose
2555,Webcam,14,60,Carlos
2556,SSD,13,120,Hugo
2557,USB Hub,10,30,Diego
2558,Tablet,12,350,Gabriela
2559,Impresora,14,250,Jose
2560,Router,13,75,Jose
2561,SSD,18,120,Beatriz
2562,Parlantes,14,110,Diego
2563,Impresora,19,250,Elena
2564,SSD,20,120,Hugo
2565,Webcam,12,60,Hugo
2566,Switch,20,95,Fernando
2567,USB Hub,16,30,Beatriz
2568,Impresora,15,250,Gabriela
2569,Webcam,16,60,Fernando
2570,Mouse,5,20,Ana
2571,Tablet,3,350,Jose
2572,Teclado,4,45,Elena
2573,Parlantes,18,110,Hugo
2574,Impresora,6,250,Ana
2575,Teclado,14,45,Hugo
2576,Impresora,8,250,Isabel
2577,Mouse,16,20,Jose
2578,Switch,8,95,Ana
2579,Laptop,2,1500,Diego
2580,Auriculares,18,80,Fernando
2581,Webcam,3,60,Fernando
2582,Laptop,7,1500,Diego
2583,Tablet,13,350,Hugo
2584,Tablet,16,350,Carlos
2585,Monitor,12,200,Fernando
2586,Tablet,16,350,Isabel
2587,Switch,6,95,Beatriz
2588,Mouse,10,20,Jose
2589,Webcam,11,60,Ana
2590,Microfono,14,70,Elena
2591,Laptop,1,1500,Elena
2592,Webcam,20,60,Beatriz
2593,Webcam,9,60,Fernando
2594,SSD,14,120,Isabel
2595,Microfono,16,70,Beatriz
2596,Auriculares,13,80,Diego
2597,Switch,19,95,Jose
2598,Tablet,7,350,Beatriz
2599,Impresora,19,250,Ana
2600,Switch,12,95,Jose
2601,Teclado,19,45,Diego
2602,Parlantes,8,110,Jose
2603,Webcam,7,60,Elena
2604,Router,5,75,Isabel
2605,SSD,13,120,Hugo
2606,Laptop,13,1500,Fernando
2607,Teclado,9,45,Elena
2608,SSD,6,120,Elena
2609,USB Hub,3,30,Ana
2610,SSD,16,120,Beatriz
2611,Parlantes,18,110,Isabel
2612,Microfono,20,70,Jose
2613,Webcam,5,60,Isabel
2614,Switch,8,95,Diego
2615,Teclado,8,45,Isabel
2616,SSD,12,120,Fernando
2617,Microfono,20,70,Fernando
2618,Impresora,10,250,Beatriz
2619,Impresora,4,250,Carlos
2620,RAM,1,90,Isabel
2621,Teclado,6,45,Jose
2622,Tablet,11,350,Diego
2623,Teclado,4,45,Diego
2624,Laptop,9,1500,Elena
2625,Impresora,12,250,Diego
2626,Parlantes,4,110,Beatriz
2627,Webcam,6,60,Hugo
2628,Teclado,16,45,Gabriela
2629,Teclado,13,45,Hugo
2630,Webcam,15,60,Fernando
2631,Webcam,18,60,Ana
2632,Teclado,11,45,Elena
2633,Switch,12,95,Carlos
2634,USB Hub,9,30,Fernando
2635,Monitor,10,200,Jose
2636,Auriculares,3,80,Beatriz
2637,Laptop,20,1500,Gabriela
2638,Auriculares,12,80,Ana
2639,Parlantes,15,110,Elena
2640,Router,15,75,Jose
2641,Microfono,16,70,Hugo
2642,Impresora,14,250,Beatriz
2643,Microfono,2,70,Gabriela
2644,Impresora,18,250,Elena
2645,Tablet,9,350,Ana
2646,Microfono,11,70,Diego
2647,Webcam,18,60,Carlos
2648,Monitor,15,200,Gabriela
2649,Impresora,19,250,Beatriz
2650,Parlantes,9,110,Ana
2651,Teclado,3,45,Ana
2652,Microfono,9,70,Hugo
2653,Switch,12,95,Isabel
2654,Monitor,2,200,Jose
2655,Router,3,75,Carlos
2656,RAM,8,90,Jose
2657,Webcam,18,60,Isabel
2658,Tablet,4,350,Jose
2659,Parlantes,9,110,Gabriela
2660,RAM,13,90,Beatriz
2661,USB Hub,20,30,Diego
2662,RAM,12,90,Ana
2663,Microfono,6,70,Jose
2664,Switch,13,95,Elena
2665,Mouse,15,20,Jose
2666,Microfono,12,70,Hugo
2667,Teclado,15,45,Carlos
2668,Teclado,15,45,Jose
2669,Switch,15,95,Carlos
2670,USB Hub,3,30,Carlos
2671,Monitor,1,200,Beatriz
2672,USB Hub,7,30,Isabel
2673,Switch,16,95,Ana
2674,Monitor,3,200,Beatriz
2675,Webcam,6,60,Beatriz
2676,RAM,12,90,Jose
2677,Laptop,16,1500,Beatriz
2678,Tablet,4,350,Elena
2679,USB Hub,9,30,Jose
2680,Laptop,2,1500,Ana
2681,RAM,10,90,Carlos
2682,Laptop,11,1500,Carlos
2683,Monitor,14,200,Fernando
2684,RAM,1,90,Carlos
2685,Tablet,2,350,Ana
2686,Router,6,75,Fernando
2687,Mouse,10,20,Fernando
2688,Teclado,15,45,Isabel
2689,USB Hub,19,30,Elena
2690,Mouse,17,20,Diego
2691,Monitor,6,200,Isabel
2692,Impresora,18,250,Carlos
2693,Router,13,75,Hugo
2694,Parlantes,9,110,Carlos
2695,Webcam,18,60,Gabriela
2696,Tablet,4,350,Isabel
2697,Impresora,20,250,Elena
2698,SSD,8,120,Ana
2699,Microfono,8,70,Gabriela
2700,Laptop,7,1500,Isabel
2701,Tablet,7,350,Hugo
2702,Impresora,11,250,Elena
2703,USB Hub,6,30,Jose
2704,Router,11,75,Carlos
2705,Mouse,3,20,Isabel
2706,Microfono,9,70,Gabriela
2707,Switch,12,95,Isabel
2708,Microfono,19,70,Fernando
2709,USB Hub,3,30,Beatriz
2710,USB Hub,19,30,Fernando
2711,Mouse,8,20,Carlos
2712,Laptop,4,1500,Elena
2713,SSD,20,120,Diego
2714,RAM,3,90,Jose
2715,Laptop,4,1500,Carlos
2716,USB Hub,1,30,Isabel
2717,Webcam,2,60,Carlos
2718,Laptop,2,1500,Ana
2719,Auriculares,19,80,Hugo
2720,Teclado,8,45,Elena
2721,Auriculares,9,80,Isabel
2722,Monitor,15,200,Elena
2723,Microfono,19,70,Fernando
2724,Auriculares,15,80,Diego
2725,Tablet,7,350,Gabriela
2726,SSD,4,120,Carlos
2727,Router,8,75,Beatriz
2728,RAM,16,90,Isabel
2729,Router,4,75,Ana
2730,Monitor,20,200,Ana
2731,Microfono,19,70,Jose
2732,Tablet,12,350,Gabriela
2733,Teclado,20,45,Gabriela
2734,Auriculares,5,80,Gabriela
2735,Auriculares,18,80,Ana
2736,Microfono,8,70,Carlos
2737,Monitor,15,200,Fernando
2738,Microfono,17,70,Elena
2739,Webcam,8,60,Jose
2740,Auriculares,4,80,Hugo
2741,Parlantes,19,110,Fernando
2742,Teclado,6,45,Beatriz
2743,RAM,15,90,Ana
2744,Auriculares,20,80,Carlos
2745,Switch,4,95,Isabel
2746,Switch,6,95,Gabriela
2747,Parlantes,3,110,Elena
2748,Tablet,15,350,Diego
2749,Impresora,8,250,Ana
2750,RAM,2,90,Fernando
2751,Webcam,1,60,Gabriela
2752,Impresora,13,250,Elena
2753,Parlantes,2,110,Ana
2754,Parlantes,11,110,Hugo
2755,Auriculares,13,80,Ana
2756,Webcam,7,60,Fernando
2757,USB Hub,19,30,Beatriz
2758,USB Hub,15,30,Hugo
2759,Laptop,9,1500,Elena
2760,Auriculares,15,80,Ana
2761,Router,16,75,Ana
2762,Microfono,20,70,Elena
2763,SSD,14,120,Gabriela
2764,Impresora,10,250,Diego
2765,Mouse,7,20,Isabel
2766,Monitor,6,200,Carlos
2767,Router,9,75,Diego
2768,Mouse,14,20,Fernando
2769,Monitor,6,200,Elena
2770,Tablet,20,350,Fernando
2771,Tablet,14,350,Jose
2772,Laptop,11,1500,Beatriz
2773,Microfono,20,70,Ana
2774,Laptop,7,1500,Fernando
2775,Webcam,1,60,Jose
2776,Teclado,15,45,Hugo
2777,USB Hub,13,30,Hugo
2778,Parlantes,18,110,Fernando
2779,Parlantes,3,110,Isabel
2780,Impresora,13,250,Ana
2781,RAM,19,90,Isabel
2782,RAM,17,90,Diego
2783,Router,18,75,Beatriz
2784,Parlantes,7,110,Isabel
2785,SSD,15,120,Jose
2786,Monitor,15,200,Ana
2787,Laptop,9,1500,Gabriela
2788,Webcam,6,60,Jose
2789,Auriculares,5,80,Jose
2790,Switch,13,95,Elena
2791,Switch,18,95,Diego
2792,Webcam,12,60,Fernando
2793,Tablet,12,350,Gabriela
2794,Impresora,14,250,Isabel
2795,Mouse,15,20,Gabriela
2796,Mouse,1,20,Hugo
2797,Microfono,3,70,Isabel
2798,Webcam,17,60,Jose
2799,USB Hub,16,30,Jose
2800,Switch,2,95,Isabel
2801,Auriculares,2,80,Beatriz
2802,Monitor,5,200,Isabel
2803,Teclado,7,45,Ana
2804,Router,9,75,Isabel
2805,Microfono,5,70,Jose
2806,Teclado,3,45,Jose
2807,Teclado,15,45,Gabriela
2808,Teclado,14,45,Elena
2809,Parlantes,8,110,Diego
2810,SSD,16,120,Beatriz
2811,RAM,7,90,Hugo
2812,Monitor,1,200,Gabriela
2813,Switch,7,95,Beatriz
2814,SSD,7,120,Carlos
2815,Teclado,12,45,Hugo
2816,Switch,20,95,Gabriela
2817,Mouse,19,20,Ana
2818,Mouse,15,20,Isabel
2819,Teclado,6,45,Elena
2820,Webcam,17,60,Elena
2821,SSD,17,120,Ana
2822,Webcam,10,60,Isabel
2823,Switch,15,95,Gabriela
2824,Teclado,18,45,Elena
2825,Webcam,6,60,Beatriz
2826,Impresora,5,250,Isabel
2827,Webcam,2,60,Fernando
2828,Parlantes,18,110,Beatriz
2829,Mouse,6,20,Hugo
2830,Laptop,5,1500,Fernando
2831,Microfono,11,70,Carlos
2832,Auriculares,16,80,Ana
2833,Impresora,4,250,Hugo
2834,Microfono,16,70,Ana
2835,Microfono,20,70,Beatriz
2836,Router,12,75,Carlos
2837,SSD,15,120,Hugo
2838,Parlantes,15,110,Ana
2839,Switch,4,95,Elena
2840,Webcam,2,60,Carlos
2841,Impresora,7,250,Fernando
2842,SSD,4,120,Carlos
2843,Auriculares,2,80,Isabel
2844,Microfono,14,70,Ana
2845,Tablet,10,350,Isabel
2846,Switch,3,95,Gabriela
2847,USB Hub,7,30,Isabel
2848,Laptop,6,1500,Gabriela
2849,Microfono,17,70,Diego
2850,Webcam,12,60,Beatriz
2851,Parlantes,7,110,Beatriz
2852,Tablet,13,350,Gabriela
2853,RAM,11,90,Elena
2854,Monitor,11,200,Beatriz
2855,Webcam,20,60,Gabriela
2856,RAM,9,90,Fernando
2857,Switch,8,95,Jose
2858,Switch,1,95,Diego
2859,Impresora,11,250,Diego
2860,Router,14,75,Carlos
2861,Mouse,11,20,Ana
2862,Router,4,75,Isabel
2863,Webcam,7,60,Isabel
2864,Auriculares,9,80,Gabriela
2865,Teclado,14,45,Diego
2866,Webcam,16,60,Hugo
2867,Impresora,12,250,Diego
2868,SSD,5,120,Jose
2869,Microfono,13,70,Gabriela
2870,Teclado,6,45,Isabel
2871,Teclado,2,45,Jose
2872,Tablet,18,350,Ana
2873,SSD,5,120,Carlos
2874,Monitor,4,200,Hugo
2875,Tablet,14,350,Ana
2876,Monitor,11,200,Elena
2877,USB Hub,5,30,Ana
2878,RAM,17,90,Jose
2879,USB Hub,15,30,Gabriela
2880,Laptop,10,1500,Hugo
2881,Webcam,17,60,Isabel
2882,Tablet,9,350,Carlos
2883,Tablet,9,350,Diego
2884,Laptop,18,1500,Diego
2885,Microfono,8,70,Ana
2886,Mouse,1,20,Diego
2887,RAM,7,90,Ana
2888,Teclado,12,45,Ana
2889,Webcam,18,60,Isabel
2890,Monitor,16,200,Jose
2891,Auriculares,10,80,Ana
2892,Webcam,9,60,Gabriela
2893,Router,1,75,Isabel
2894,RAM,8,90,Fernando
2895,Laptop,2,1500,Hugo
2896,Impresora,8,250,Jose
2897,Webcam,4,60,Ana
2898,Impresora,20,250,Jose
2899,Microfono,17,70,Carlos
2900,Laptop,2,1500,Fernando
2901,SSD,20,120,Diego
2902,SSD,12,120,Beatriz
2903,Parlantes,18,110,Diego
2904,Tablet,19,350,Isabel
2905,USB Hub,13,30,Carlos
2906,SSD,9,120,Hugo
2907,Switch,4,95,Fernando
2908,USB Hub,13,30,Diego
2909,Teclado,13,45,Hugo
2910,Mouse,12,20,Beatriz
2911,RAM,4,90,Fernando
2912,Impresora,4,250,Beatriz
2913,Router,17,75,Ana
2914,Monitor,19,200,Elena
2915,SSD,4,120,Fernando
2916,Laptop,16,1500,Elena
2917,Monitor,15,200,Diego
2918,Microfono,13,70,Carlos
2919,SSD,9,120,Hugo
2920,Tablet,20,350,Jose
2921,Monitor,1,200,Beatriz
2922,SSD,2,120,Diego
2923,USB Hub,10,30,Jose
2924,Microfono,1,70,Hugo
2925,Webcam,2,60,Ana
2926,Auriculares,5,80,Gabriela
2927,Webcam,3,60,Fernando
2928,Tablet,19,350,Jose
2929,Microfono,17,70,Gabriela
2930,Laptop,3,1500,Hugo
2931,Router,15,75,Ana
2932,Router,1,75,Gabriela
2933,Parlantes,3,110,Hugo
2934,Webcam,4,60,Fernando
2935,Impresora,2,250,Ana
2936,Teclado,8,45,Beatriz
2937,SSD,19,120,Diego
2938,Switch,7,95,Diego
2939,Microfono,2,70,Ana
2940,Router,20,75,Carlos
2941,Switch,9,95,Diego
2942,Mouse,12,20,Ana
2943,Parlantes,20,110,Ana
2944,Webcam,1,60,Isabel
2945,Microfono,18,70,Elena
2946,Teclado,18,45,Gabriela
2947,SSD,1,120,Gabriela
2948,Teclado,4,45,Isabel
2949,Tablet,10,350,Diego
2950,Tablet,15,350,Jose
2951,Impresora,9,250,Carlos
2952,Microfono,10,70,Jose
2953,Laptop,13,1500,Ana
2954,Tablet,4,350,Beatriz
2955,Mouse,18,20,Jose
2956,Teclado,18,45,Carlos
2957,Tablet,6,350,Carlos
2958,Teclado,4,45,Isabel
2959,Router,7,75,Ana
2960,SSD,7,120,Carlos
2961,Webcam,12,60,Elena
2962,Parlantes,2,110,Beatriz
2963,Webcam,19,60,Jose
2964,Mouse,11,20,Ana
2965,Microfono,7,70,Diego
2966,Mouse,4,20,Isabel
2967,Teclado,6,45,Carlos
2968,Switch,10,95,Gabriela
2969,Router,12,75,Elena
2970,Webcam,2,60,Carlos
2971,RAM,3,90,Carlos
2972,Laptop,10,1500,Gabriela
2973,SSD,6,120,Elena
2974,RAM,20,90,Isabel
2975,Impresora,6,250,Diego
2976,USB Hub,19,30,Jose
2977,Webcam,19,60,Ana
2978,Router,7,75,Gabriela
2979,Impresora,9,250,Fernando
2980,Impresora,8,250,Hugo
2981,Laptop,7,1500,Gabriela
2982,RAM,13,90,Beatriz
2983,Laptop,8,1500,Isabel
2984,Teclado,5,45,Diego
2985,USB Hub,1,30,Fernando
2986,Mouse,10,20,Fernando
2987,Tablet,4,350,Jose
2988,Monitor,3,200,Gabriela
2989,SSD,17,120,Ana
2990,Impresora,13,250,Jose
2991,Microfono,1,70,Jose
2992,Webcam,16,60,Ana
2993,Switch,16,95,Beatriz
2994,Monitor,2,200,Elena
2995,Impresora,7,250,Ana
2996,Tablet,15,350,Jose
2997,Parlantes,17,110,Carlos
2998,Switch,20,95,Fernando
2999,Router,13,75,Fernando
3000,Impresora,8,250,Jose
3001,Tablet,7,350,Isabel
3002,Monitor,13,200,Elena
3003,Tablet,8,350,Elena
3004,Impresora,19,250,Gabriela
3005,Tablet,4,350,Jose
3006,Switch,7,95,Hugo
3007,Laptop,2,1500,Isabel
3008,Laptop,10,1500,Isabel
3009,Mouse,10,20,Elena
3010,Mouse,7,20,Elena
3011,Monitor,15,200,Isabel
3012,Mouse,14,20,Jose
3013,Router,17,75,Isabel
3014,Microfono,6,70,Ana
3015,RAM,18,90,Isabel
3016,Microfono,12,70,Jose
3017,Parlantes,9,110,Fernando
3018,Auriculares,20,80,Isabel
3019,Mouse,13,20,Gabriela
3020,Monitor,10,200,Diego
3021,Mouse,3,20,Gabriela
3022,Laptop,15,1500,Beatriz
3023,SSD,20,120,Ana
3024,SSD,11,120,Jose
3025,RAM,13,90,Diego
3026,Parlantes,12,110,Beatriz
3027,Impresora,9,250,Fernando
3028,Teclado,17,45,Jose
3029,Tablet,20,350,Beatriz
3030,RAM,16,90,Isabel
3031,Laptop,12,1500,Diego
3032,SSD,10,120,Elena
3033,Mouse,12,20,Elena
3034,Teclado,1,45,Carlos
3035,Teclado,18,45,Carlos
3036,RAM,8,90,Beatriz
3037,USB Hub,12,30,Fernando
3038,RAM,11,90,Elena
3039,Laptop,7,1500,Gabriela
3040,Webcam,10,60,Isabel
3041,Webcam,8,60,Ana
3042,Router,4,75,Elena
3043,Monitor,6,200,Beatriz
3044,Mouse,14,20,Isabel
3045,USB Hub,8,30,Fernando
3046,Mouse,12,20,Jose
3047,Switch,11,95,Hugo
3048,Tablet,1,350,Gabriela
3049,Mouse,13,20,Elena
3050,Teclado,19,45,Diego
3051,Webcam,5,60,Elena
3052,Monitor,11,200,Gabriela
3053,Auriculares,16,80,Elena
3054,Impresora,7,250,Hugo
3055,Teclado,4,45,Hugo
3056,Teclado,18,45,Isabel
3057,Teclado,15,45,Diego
3058,Webcam,18,60,Jose
3059,SSD,2,120,Elena
3060,Laptop,3,1500,Ana
3061,Router,16,75,Gabriela
3062,Webcam,11,60,Carlos
3063,Monitor,6,200,Ana
3064,Teclado,1,45,Hugo
3065,Auriculares,13,80,Elena
3066,Teclado,19,45,Elena
3067,Monitor,12,200,Diego
3068,Laptop,8,1500,Beatriz
3069,Webcam,5,60,Hugo
3070,Mouse,20,20,Isabel
3071,Teclado,13,45,Elena
3072,Tablet,7,350,Gabriela
3073,Teclado,3,45,Fernando
3074,Auriculares,6,80,Carlos
3075,RAM,3,90,Beatriz
3076,Auriculares,10,80,Hugo
3077,Parlantes,19,110,Carlos
3078,Auriculares,19,80,Gabriela
3079,USB Hub,20,30,Ana
3080,SSD,16,120,Gabriela
3081,Router,17,75,Hugo
3082,Router,2,75,Hugo
3083,Parlantes,9,110,Carlos
3084,Teclado,9,45,Fernando
3085,Auriculares,8,80,Carlos
3086,Teclado,2,45,Gabriela
3087,Tablet,8,350,Carlos
3088,SSD,15,120,Isabel
3089,Webcam,11,60,Gabriela
3090,Switch,6,95,Isabel
3091,Router,8,75,Gabriela
3092,Microfono,4,70,Fernando
3093,Microfono,17,70,Gabriela
3094,RAM,5,90,Carlos
3095,Teclado,6,45,Jose
3096,Tablet,18,350,Carlos
3097,Impresora,9,250,Ana
3098,Laptop,2,1500,Carlos
3099,Router,2,75,Fernando
3100,Auriculares,12,80,Diego
3101,USB Hub,5,30,Elena
3102,RAM,4,90,Ana
3103,Impresora,4,250,Gabriela
3104,Switch,1,95,Ana
3105,Switch,19,95,Ana
3106,Impresora,13,250,Fernando
3107,Parlantes,2,110,Hugo
3108,SSD,4,120,Hugo
3109,Router,16,75,Diego
3110,Switch,8,95,Isabel
3111,RAM,15,90,Diego
3112,Webcam,7,60,Jose
3113,Monitor,20,200,Beatriz
3114,Monitor,18,200,Fernando
3115,Router,9,75,Beatriz
3116,Auriculares,4,80,Elena
3117,Microfono,3,70,Ana
3118,Microfono,19,70,Elena
3119,Tablet,7,350,Diego
3120,Tablet,19,350,Diego
3121,Microfono,17,70,Diego
3122,Laptop,15,1500,Elena
3123,Auriculares,19,80,Ana
3124,Webcam,10,60,Hugo
3125,Router,16,75,Beatriz
3126,USB Hub,4,30,Jose
3127,Switch,17,95,Ana
3128,Auriculares,6,80,Ana
3129,SSD,13,120,Elena
3130,Switch,15,95,Fernando
3131,Monitor,4,200,Jose
3132,SSD,3,120,Fernando
3133,Parlantes,11,110,Carlos
3134,USB Hub,18,30,Ana
3135,Auriculares,11,80,Isabel
3136,Mouse,20,20,Ana
3137,Microfono,10,70,Fernando
3138,Monitor,9,200,Beatriz
3139,Auriculares,14,80,Jose
3140,SSD,11,120,Jose
3141,Mouse,6,20,Fernando
3142,Laptop,9,1500,Isabel
3143,Mouse,17,20,Gabriela
3144,Teclado,5,45,Isabel
3145,Webcam,8,60,Hugo
3146,Parlantes,15,110,Carlos
3147,Parlantes,13,110,Carlos
3148,Monitor,7,200,Fernando
3149,Microfono,12,70,Elena
3150,Teclado,10,45,Beatriz
3151,Auriculares,5,80,Jose
3152,Monitor,1,200,Beatriz
3153,Parlantes,13,110,Isabel
3154,Parlantes,1,110,Fernando
3155,Monitor,20,200,Beatriz
3156,RAM,18,90,Diego
3157,RAM,9,90,Diego
3158,Webcam,7,60,Beatriz
3159,Laptop,7,1500,Jose
3160,Webcam,7,60,Beatriz
3161,Impresora,14,250,Beatriz
3162,Impresora,9,250,Fernando
3163,SSD,12,120,Isabel
3164,Microfono,20,70,Beatriz
3165,Tablet,19,350,Hugo
3166,Router,18,75,Hugo
3167,Mouse,3,20,Jose
3168,USB Hub,2,30,Fernando
3169,Monitor,14,200,Beatriz
3170,USB Hub,11,30,Ana
3171,Impresora,17,250,Beatriz
3172,Router,16,75,Fernando
3173,USB Hub,11,30,Ana
3174,Router,13,75,Fernando
3175,Microfono,4,70,Isabel
3176,Auriculares,1,80,Fernando
3177,Impresora,7,250,Ana
3178,Switch,17,95,Fernando
3179,Switch,13,95,Gabriela
3180,Microfono,15,70,Jose
3181,RAM,4,90,Gabriela
3182,Monitor,7,200,Hugo
3183,Switch,5,95,Beatriz
3184,Mouse,20,20,Carlos
3185,Router,9,75,Isabel
3186,Teclado,20,45,Gabriela
3187,Auriculares,1,80,Jose
3188,USB Hub,14,30,Ana
3189,Webcam,5,60,Carlos
3190,Monitor,19,200,Ana
3191,Auriculares,3,80,Diego
3192,Mouse,19,20,Fernando
3193,Switch,3,95,Isabel
3194,Webcam,6,60,Jose
3195,Monitor,2,200,Diego
3196,Tablet,10,350,Diego
3197,Mouse,4,20,Ana
3198,Impresora,13,250,Hugo
3199,Laptop,10,1500,Carlos
3200,Tablet,15,350,Fernando
3201,Parlantes,18,110,Carlos
3202,Monitor,20,200,Fernando
3203,USB Hub,4,30,Jose
3204,Monitor,12,200,Gabriela
3205,Tablet,7,350,Jose
3206,Router,9,75,Ana
3207,RAM,19,90,Fernando
3208,Monitor,9,200,Gabriela
3209,SSD,1,120,Diego
3210,Laptop,18,1500,Elena
3211,Switch,8,95,Elena
3212,Webcam,1,60,Hugo
3213,Router,8,75,Elena
3214,Teclado,10,45,Hugo
3215,Webcam,2,60,Jose
3216,Impresora,7,250,Gabriela
3217,RAM,5,90,Elena
3218,Impresora,12,250,Jose
3219,USB Hub,1,30,Isabel
3220,Webcam,12,60,Fernando
3221,Tablet,12,350,Hugo
3222,Switch,9,95,Beatriz
3223,Auriculares,7,80,Hugo
3224,Parlantes,4,110,Isabel
3225,Mouse,15,20,Jose
3226,Monitor,8,200,Carlos
3227,Teclado,6,45,Jose
3228,Monitor,15,200,Hugo
3229,Impresora,18,250,Elena
3230,Monitor,11,200,Elena
3231,Mouse,3,20,Fernando
3232,Laptop,6,1500,Gabriela
3233,Teclado,6,45,Beatriz
3234,Webcam,15,60,Elena
3235,Auriculares,6,80,Carlos
3236,Impresora,5,250,Hugo
3237,Tablet,11,350,Beatriz
3238,Impresora,18,250,Elena
3239,Laptop,11,1500,Fernando
3240,USB Hub,4,30,Hugo
3241,Router,12,75,Beatriz
3242,Laptop,3,1500,Elena
3243,SSD,10,120,Elena
3244,Auriculares,1,80,Fernando
3245,Webcam,19,60,Carlos
3246,Switch,10,95,Ana
3247,Router,20,75,Diego
3248,Mouse,17,20,Hugo
3249,Teclado,1,45,Elena
3250,USB Hub,13,30,Fernando
3251,Laptop,11,1500,Elena
3252,Tablet,18,350,Carlos
3253,Parlantes,18,110,Beatriz
3254,Microfono,14,70,Carlos
3255,Laptop,16,1500,Gabriela
3256,Teclado,8,45,Hugo
3257,USB Hub,3,30,Isabel
3258,Parlantes,11,110,Isabel
3259,Impresora,5,250,Carlos
3260,Tablet,2,350,Ana
3261,RAM,13,90,Beatriz
3262,Switch,8,95,Diego
3263,Webcam,1,60,Elena
3264,USB Hub,13,30,Jose
3265,USB Hub,3,30,Fernando
3266,Microfono,5,70,Isabel
3267,Parlantes,12,110,Fernando
3268,Parlantes,2,110,Hugo
3269,Parlantes,3,110,Jose
3270,RAM,19,90,Isabel
3271,Impresora,14,250,Gabriela
3272,Auriculares,16,80,Jose
3273,Mouse,14,20,Fernando
3274,Switch,18,95,Hugo
3275,SSD,6,120,Ana
3276,SSD,8,120,Ana
3277,Monitor,5,200,Gabriela
3278,SSD,15,120,Beatriz
3279,Monitor,8,200,Jose
3280,Monitor,20,200,Fernando
3281,Laptop,10,1500,Ana
3282,Mouse,2,20,Jose
3283,Parlantes,17,110,Ana
3284,Auriculares,6,80,Carlos
3285,RAM,7,90,Fernando
3286,Impresora,17,250,Isabel
3287,Microfono,17,70,Gabriela
3288,Impresora,15,250,Hugo
3289,RAM,6,90,Diego
3290,RAM,14,90,Isabel
3291,Microfono,17,70,Gabriela
3292,Switch,3,95,Diego
3293,Mouse,5,20,Ana
3294,SSD,17,120,Elena
3295,Teclado,17,45,Beatriz
3296,Teclado,10,45,Carlos
3297,Switch,19,95,Carlos
3298,Teclado,2,45,Ana
3299,USB Hub,4,30,Jose
3300,Auriculares,18,80,Hugo
3301,Tablet,20,350,Elena
3302,RAM,14,90,Jose
3303,Router,11,75,Ana
3304,Parlantes,9,110,Hugo
3305,Webcam,12,60,Carlos
3306,Laptop,19,1500,Fernando
3307,Tablet,13,350,Beatriz
3308,Teclado,6,45,Isabel
3309,RAM,20,90,Isabel
3310,Monitor,11,200,Beatriz
3311,Laptop,14,1500,Gabriela
3312,RAM,14,90,Diego
3313,Router,13,75,Isabel
3314,Laptop,6,1500,Diego
3315,Parlantes,3,110,Diego
3316,Webcam,5,60,Jose
3317,SSD,5,120,Hugo
3318,Tablet,16,350,Isabel
3319,Mouse,6,20,Ana
3320,Microfono,11,70,Jose
3321,SSD,13,120,Gabriela
3322,Webcam,18,60,Diego
3323,SSD,2,120,Hugo
3324,Microfono,13,70,Fernando
3325,Impresora,12,250,Ana
3326,Microfono,5,70,Ana
3327,Mouse,13,20,Jose
3328,Switch,5,95,Gabriela
3329,SSD,10,120,Gabriela
3330,Impresora,6,250,Ana
3331,Impresora,13,250,Ana
3332,Mouse,17,20,Isabel
3333,Microfono,14,70,Hugo
3334,Tablet,7,350,Ana
3335,RAM,12,90,Diego
3336,Teclado,16,45,Beatriz
3337,Switch,6,95,Ana
3338,RAM,16,90,Beatriz
3339,Monitor,17,200,Fernando
3340,Impresora,2,250,Gabriela
3341,Switch,4,95,Isabel
3342,Teclado,6,45,Diego
3343,Microfono,17,70,Carlos
3344,Webcam,7,60,Jose
3345,Laptop,16,1500,Carlos
3346,Webcam,5,60,Hugo
3347,Laptop,20,1500,Gabriela
3348,SSD,12,120,Diego
3349,Laptop,17,1500,Isabel
3350,Mouse,7,20,Isabel
3351,USB Hub,14,30,Diego
3352,Auriculares,14,80,Carlos
3353,SSD,11,120,Isabel
3354,Router,7,75,Hugo
3355,Webcam,13,60,Beatriz
3356,Webcam,6,60,Beatriz
3357,Switch,17,95,Elena
3358,USB Hub,13,30,Elena
3359,Mouse,16,20,Diego
3360,Switch,16,95,Elena
3361,USB Hub,2,30,Diego
3362,Microfono,10,70,Diego
3363,Router,9,75,Elena
3364,Laptop,18,1500,Diego
3365,USB Hub,8,30,Beatriz
3366,Monitor,13,200,Gabriela
3367,Impresora,7,250,Hugo
3368,Impresora,9,250,Hugo
3369,Monitor,9,200,Elena
3370,RAM,12,90,Hugo
3371,SSD,18,120,Jose
3372,Microfono,11,70,Hugo
3373,USB Hub,17,30,Isabel
3374,Mouse,10,20,Fernando
3375,SSD,18,120,Gabriela
3376,Router,12,75,Hugo
3377,Switch,14,95,Fernando
3378,Teclado,16,45,Hugo
3379,Microfono,17,70,Beatriz
3380,Monitor,5,200,Diego
3381,Impresora,7,250,Diego
3382,Webcam,13,60,Elena
3383,Impresora,14,250,Ana
3384,Switch,20,95,Isabel
3385,Switch,13,95,Isabel
3386,Impresora,5,250,Ana
3387,Monitor,13,200,Ana
3388,Mouse,14,20,Elena
3389,Auriculares,4,80,Ana
3390,Teclado,1,45,Beatriz
3391,Mouse,13,20,Fernando
3392,Monitor,4,200,Jose
3393,Microfono,3,70,Carlos
3394,Tablet,14,350,Diego
3395,Microfono,16,70,Fernando
3396,Laptop,8,1500,Ana
3397,Microfono,19,70,Beatriz
3398,USB Hub,20,30,Fernando
3399,SSD,5,120,Elena
3400,Parlantes,20,110,Hugo
3401,Parlantes,5,110,Isabel
3402,Switch,7,95,Ana
3403,USB Hub,14,30,Diego
3404,Impresora,7,250,Isabel
3405,Mouse,17,20,Carlos
3406,Impresora,19,250,Jose
3407,Webcam,19,60,Jose
3408,SSD,2,120,Hugo
3409,Tablet,18,350,Ana
3410,Router,15,75,Gabriela
3411,Switch,2,95,Beatriz
3412,Monitor,20,200,Diego
3413,Tablet,12,350,Isabel
3414,Impresora,17,250,Jose
3415,SSD,12,120,Hugo
3416,Webcam,2,60,Gabriela
3417,Parlantes,12,110,Ana
3418,USB Hub,17,30,Gabriela
3419,RAM,12,90,Hugo
3420,Tablet,6,350,Isabel
3421,Impresora,3,250,Hugo
3422,Teclado,16,45,Carlos
3423,Tablet,2,350,Fernando
3424,Router,7,75,Isabel
3425,Switch,11,95,Carlos
3426,Impresora,19,250,Fernando
3427,Mouse,3,20,Carlos
3428,SSD,13,120,Hugo
3429,SSD,11,120,Hugo
3430,Microfono,5,70,Gabriela
3431,Mouse,18,20,Ana
3432,Switch,15,95,Carlos
3433,Microfono,19,70,Carlos
3434,USB Hub,8,30,Carlos
3435,SSD,17,120,Isabel
3436,Parlantes,8,110,Hugo
3437,Tablet,3,350,Fernando
3438,Mouse,6,20,Diego
3439,USB Hub,16,30,Hugo
3440,Microfono,14,70,Ana
3441,Teclado,15,45,Diego
3442,Webcam,9,60,Carlos
3443,USB Hub,15,30,Jose
3444,Laptop,17,1500,Fernando
3445,Teclado,4,45,Jose
3446,Switch,3,95,Hugo
3447,SSD,4,120,Elena
3448,Tablet,19,350,Diego
3449,USB Hub,6,30,Ana
3450,SSD,13,120,Gabriela
3451,Router,19,75,Carlos
3452,Microfono,11,70,Elena
3453,SSD,16,120,Beatriz
3454,Teclado,4,45,Carlos
3455,SSD,4,120,Diego
3456,Switch,10,95,Gabriela
3457,Auriculares,1,80,Beatriz
3458,Tablet,18,350,Diego
3459,Microfono,4,70,Elena
3460,Switch,1,95,Beatriz
3461,Parlantes,6,110,Beatriz
3462,Webcam,5,60,Isabel
3463,Teclado,12,45,Jose
3464,Router,5,75,Fernando
3465,Teclado,5,45,Diego
3466,Impresora,12,250,Diego
3467,Impresora,13,250,Ana
3468,Parlantes,13,110,Gabriela
3469,Teclado,1,45,Elena
3470,RAM,13,90,Gabriela
3471,Teclado,12,45,Elena
3472,Parlantes,17,110,Diego
3473,RAM,1,90,Hugo
3474,Teclado,17,45,Diego
3475,USB Hub,11,30,Elena
3476,SSD,19,120,Jose
3477,USB Hub,2,30,Gabriela
3478,Parlantes,16,110,Beatriz
3479,USB Hub,15,30,Fernando
3480,Webcam,19,60,Jose
3481,Laptop,18,1500,Isabel
3482,Webcam,5,60,Ana
3483,Impresora,16,250,Carlos
3484,Teclado,11,45,Gabriela
3485,Parlantes,3,110,Jose
3486,Microfono,4,70,Hugo
3487,Monitor,11,200,Isabel
3488,Parlantes,17,110,Fernando
3489,USB Hub,20,30,Isabel
3490,Laptop,5,1500,Carlos
3491,Impresora,3,250,Beatriz
3492,Teclado,4,45,Elena
3493,Laptop,2,1500,Hugo
3494,Auriculares,3,80,Diego
3495,Tablet,12,350,Isabel
3496,Tablet,19,350,Jose
3497,Tablet,10,350,Ana
3498,Teclado,5,45,Gabriela
3499,Router,5,75,Beatriz
3500,Parlantes,6,110,Elena
3501,Switch,14,95,Fernando
3502,Monitor,10,200,Diego
3503,USB Hub,19,30,Jose
3504,Webcam,11,60,Beatriz
3505,Teclado,6,45,Fernando
3506,Auriculares,6,80,Isabel
3507,Parlantes,13,110,Isabel
3508,Router,7,75,Jose
3509,Auriculares,4,80,Hugo
3510,Impresora,19,250,Carlos
3511,Laptop,19,1500,Jose
3512,Microfono,2,70,Diego
3513,Tablet,16,350,Gabriela
3514,RAM,12,90,Carlos
3515,Parlantes,7,110,Elena
3516,Webcam,16,60,Elena
3517,Switch,7,95,Elena
3518,Webcam,10,60,Isabel
3519,Parlantes,19,110,Fernando
3520,Teclado,8,45,Carlos
3521,Mouse,6,20,Carlos
3522,Microfono,11,70,Hugo
3523,Auriculares,11,80,Ana
3524,Mouse,5,20,Fernando
3525,Switch,18,95,Ana
3526,Switch,20,95,Carlos
3527,Router,3,75,Isabel
3528,Laptop,14,1500,Fernando
3529,Switch,11,95,Ana
3530,USB Hub,17,30,Hugo
3531,Microfono,8,70,Elena
3532,Tablet,13,350,Hugo
3533,Webcam,4,60,Isabel
3534,Auriculares,13,80,Hugo
3535,Switch,13,95,Fernando
3536,RAM,8,90,Fernando
3537,Mouse,17,20,Beatriz
3538,Webcam,5,60,Carlos
3539,Laptop,14,1500,Elena
3540,Mouse,19,20,Carlos
3541,Parlantes,15,110,Hugo
3542,Parlantes,18,110,Isabel
3543,USB Hub,16,30,Elena
3544,SSD,4,120,Beatriz
3545,Switch,18,95,Hugo
3546,Parlantes,15,110,Ana
3547,Tablet,13,350,Diego
3548,Mouse,10,20,Ana
3549,Impresora,6,250,Carlos
3550,Parlantes,19,110,Ana
3551,Monitor,16,200,Jose
3552,USB Hub,3,30,Elena
3553,Parlantes,15,110,Jose
3554,Mouse,17,20,Fernando
3555,SSD,10,120,Fernando
3556,SSD,6,120,Hugo
3557,Monitor,8,200,Elena
3558,USB Hub,4,30,Gabriela
3559,Microfono,12,70,Isabel
3560,Laptop,8,1500,Jose
3561,Laptop,14,1500,Fernando
3562,Webcam,15,60,Carlos
3563,Auriculares,19,80,Hugo
3564,Tablet,11,350,Hugo
3565,SSD,2,120,Carlos
3566,USB Hub,8,30,Hugo
3567,Monitor,4,200,Isabel
3568,Microfono,13,70,Ana
3569,Monitor,6,200,Hugo
3570,Router,10,75,Beatriz
3571,RAM,18,90,Ana
3572,RAM,15,90,Elena
3573,USB Hub,4,30,Gabriela
3574,USB Hub,11,30,Elena
3575,Parlantes,15,110,Beatriz
3576,Mouse,15,20,Jose
3577,Monitor,5,200,Gabriela
3578,Switch,19,95,Beatriz
3579,Auriculares,7,80,Beatriz
3580,Mouse,19,20,Carlos
3581,Monitor,8,200,Elena
3582,Laptop,14,1500,Jose
3583,Mouse,9,20,Ana
3584,SSD,10,120,Fernando
3585,SSD,3,120,Diego
3586,Impresora,10,250,Fernando
3587,Router,9,75,Beatriz
3588,Router,11,75,Ana
3589,Microfono,11,70,Hugo
3590,Laptop,1,1500,Jose
3591,SSD,2,120,Carlos
3592,Mouse,15,20,Ana
3593,Auriculares,10,80,Jose
3594,Teclado,1,45,Isabel
3595,SSD,12,120,Fernando
3596,Parlantes,20,110,Jose
3597,USB Hub,10,30,Gabriela
3598,Mouse,3,20,Elena
3599,Impresora,19,250,Carlos
3600,Microfono,20,70,Hugo
3601,Laptop,14,1500,Elena
3602,Teclado,11,45,Carlos
3603,Teclado,6,45,Isabel
3604,Teclado,5,45,Gabriela
3605,Microfono,20,70,Isabel
3606,Webcam,4,60,Gabriela
3607,Microfono,8,70,Diego
3608,Auriculares,16,80,Ana
3609,Impresora,5,250,Isabel
3610,Microfono,12,70,Isabel
3611,Tablet,10,350,Carlos
3612,SSD,15,120,Fernando
3613,Parlantes,2,110,Diego
3614,USB Hub,17,30,Carlos
3615,Parlantes,6,110,Hugo
3616,Parlantes,3,110,Gabriela
3617,Microfono,7,70,Elena
3618,Laptop,8,1500,Isabel
3619,USB Hub,7,30,Gabriela
3620,RAM,7,90,Gabriela
3621,Router,9,75,Carlos
3622,Mouse,19,20,Hugo
3623,Monitor,11,200,Carlos
3624,Laptop,6,1500,Carlos
3625,Impresora,17,250,Isabel
3626,RAM,14,90,Ana
3627,Auriculares,19,80,Beatriz
3628,Parlantes,5,110,Isabel
3629,Mouse,5,20,Elena
3630,Auriculares,8,80,Beatriz
3631,RAM,13,90,Diego
3632,SSD,18,120,Ana
3633,Microfono,13,70,Jose
3634,Monitor,16,200,Hugo
3635,SSD,4,120,Diego
3636,Parlantes,14,110,Isabel
3637,SSD,19,120,Carlos
3638,Mouse,13,20,Diego
3639,Auriculares,6,80,Isabel
3640,Impresora,13,250,Fernando
3641,SSD,5,120,Fernando
3642,USB Hub,19,30,Hugo
3643,Tablet,13,350,Carlos
3644,USB Hub,16,30,Gabriela
3645,RAM,6,90,Elena
3646,Microfono,13,70,Diego
3647,RAM,7,90,Diego
3648,SSD,7,120,Hugo
3649,Impresora,7,250,Gabriela
3650,Microfono,15,70,Fernando
3651,USB Hub,3,30,Ana
3652,Switch,2,95,Ana
3653,Microfono,17,70,Carlos
3654,RAM,10,90,Hugo
3655,SSD,10,120,Carlos
3656,Webcam,20,60,Elena
3657,Mouse,9,20,Gabriela
3658,Parlantes,15,110,Jose
3659,SSD,8,120,Fernando
3660,Laptop,14,1500,Hugo
3661,Monitor,1,200,Carlos
3662,Tablet,13,350,Fernando
3663,USB Hub,10,30,Beatriz
3664,Tablet,9,350,Carlos
3665,SSD,20,120,Ana
3666,RAM,12,90,Carlos
3667,Microfono,5,70,Elena
3668,Router,1,75,Isabel
3669,Parlantes,19,110,Carlos
3670,SSD,8,120,Hugo
3671,USB Hub,9,30,Elena
3672,USB Hub,2,30,Fernando
3673,Laptop,1,1500,Isabel
3674,Microfono,1,70,Diego
3675,SSD,14,120,Carlos
3676,Laptop,18,1500,Hugo
3677,Router,10,75,Diego
3678,Switch,19,95,Gabriela
3679,Teclado,5,45,Fernando
3680,Parlantes,2,110,Hugo
3681,Router,9,75,Fernando
3682,Impresora,10,250,Ana
3683,Parlantes,3,110,Fernando
3684,Laptop,11,1500,Hugo
3685,Parlantes,7,110,Isabel
3686,RAM,1,90,Gabriela
3687,Tablet,19,350,Elena
3688,Monitor,2,200,Jose
3689,Router,16,75,Diego
3690,Tablet,7,350,Jose
3691,RAM,14,90,Jose
3692,Tablet,13,350,Ana
3693,RAM,5,90,Fernando
3694,Webcam,2,60,Gabriela
3695,Impresora,1,250,Beatriz
3696,Auriculares,5,80,Jose
3697,SSD,11,120,Jose
3698,USB Hub,1,30,Ana
3699,Teclado,12,45,Fernando
3700,Switch,15,95,Hugo
3701,Switch,19,95,Fernando
3702,Webcam,6,60,Gabriela
3703,Auriculares,3,80,Beatriz
3704,Mouse,20,20,Gabriela
3705,Router,3,75,Ana
3706,SSD,10,120,Fernando
3707,Auriculares,9,80,Elena
3708,RAM,8,90,Jose
3709,Teclado,13,45,Jose
3710,Impresora,20,250,Isabel
3711,Monitor,17,200,Fernando
3712,USB Hub,7,30,Gabriela
3713,Parlantes,6,110,Jose
3714,Webcam,13,60,Ana
3715,Switch,19,95,Fernando
3716,Switch,2,95,Carlos
3717,Parlantes,9,110,Diego
3718,Impresora,9,250,Diego
3719,Tablet,20,350,Carlos
3720,SSD,4,120,Elena
3721,Monitor,10,200,Ana
3722,Switch,1,95,Carlos
3723,Monitor,1,200,Diego
3724,Monitor,9,200,Jose
3725,Parlantes,8,110,Diego
3726,SSD,5,120,Beatriz
3727,Auriculares,7,80,Fernando
3728,Monitor,3,200,Carlos
3729,Auriculares,4,80,Ana
3730,Monitor,8,200,Elena
3731,Microfono,7,70,Hugo
3732,Parlantes,6,110,Diego
3733,Switch,19,95,Fernando
3734,Webcam,9,60,Beatriz
3735,RAM,4,90,Isabel
3736,Monitor,18,200,Carlos
3737,RAM,8,90,Isabel
3738,SSD,8,120,Isabel
3739,Router,6,75,Elena
3740,Mouse,2,20,Carlos
3741,Mouse,10,20,Hugo
3742,Mouse,5,20,Beatriz
3743,SSD,14,120,Fernando
3744,Webcam,1,60,Elena
3745,Webcam,10,60,Elena
3746,Webcam,19,60,Hugo
3747,Router,2,75,Fernando
3748,Webcam,16,60,Carlos
3749,Webcam,3,60,Ana
3750,Tablet,6,350,Isabel
3751,Monitor,20,200,Isabel
3752,USB Hub,7,30,Elena
3753,Impresora,11,250,Fernando
3754,Tablet,13,350,Hugo
3755,Webcam,7,60,Hugo
3756,Microfono,1,70,Ana
3757,USB Hub,2,30,Fernando
3758,Tablet,17,350,Gabriela
3759,RAM,10,90,Jose
3760,Router,8,75,Jose
3761,Mouse,12,20,Carlos
3762,Microfono,16,70,Carlos
3763,RAM,15,90,Beatriz
3764,Mouse,18,20,Carlos
3765,Tablet,5,350,Ana
3766,Mouse,1,20,Gabriela
3767,Webcam,1,60,Jose
3768,Webcam,17,60,Isabel
3769,Webcam,7,60,Diego
3770,RAM,20,90,Jose
3771,Parlantes,8,110,Carlos
3772,Tablet,14,350,Ana
3773,Tablet,11,350,Elena
3774,Parlantes,13,110,Elena
3775,Auriculares,19,80,Jose
3776,Laptop,6,1500,Ana
3777,Tablet,12,350,Beatriz
3778,Router,16,75,Diego
3779,Switch,1,95,Ana
3780,SSD,11,120,Carlos
3781,Microfono,6,70,Hugo
3782,Router,14,75,Ana
3783,RAM,9,90,Isabel
3784,Webcam,19,60,Fernando
3785,USB Hub,1,30,Beatriz
3786,Tablet,3,350,Elena
3787,Parlantes,7,110,Jose
3788,Monitor,17,200,Hugo
3789,Teclado,16,45,Fernando
3790,Parlantes,5,110,Gabriela
3791,USB Hub,8,30,Beatriz
3792,Switch,11,95,Gabriela
3793,Impresora,17,250,Ana
3794,Tablet,19,350,Diego
3795,SSD,10,120,Diego
3796,Switch,4,95,Hugo
3797,USB Hub,13,30,Jose
3798,Parlantes,13,110,Carlos
3799,Switch,12,95,Isabel
3800,Router,14,75,Gabriela
3801,Mouse,3,20,Diego
3802,SSD,4,120,Carlos
3803,Laptop,16,1500,Diego
3804,Tablet,16,350,Hugo
3805,Monitor,20,200,Diego
3806,Switch,12,95,Ana
3807,Microfono,7,70,Hugo
3808,Parlantes,14,110,Ana
3809,Monitor,1,200,Beatriz
3810,Router,12,75,Carlos
3811,Mouse,9,20,Fernando
3812,Switch,7,95,Beatriz
3813,RAM,3,90,Jose
3814,Parlantes,19,110,Hugo
3815,Laptop,3,1500,Ana
3816,Switch,10,95,Beatriz
3817,Mouse,20,20,Beatriz
3818,USB Hub,7,30,Elena
3819,Router,15,75,Jose
3820,Impresora,19,250,Diego
3821,Monitor,6,200,Fernando
3822,Tablet,12,350,Beatriz
3823,Tablet,2,350,Beatriz
3824,Teclado,15,45,Elena
3825,SSD,11,120,Fernando
3826,Microfono,16,70,Ana
3827,SSD,12,120,Ana
3828,Switch,1,95,Hugo
3829,Monitor,13,200,Ana
3830,Tablet,8,350,Ana
3831,Router,17,75,Carlos
3832,Microfono,3,70,Ana
3833,USB Hub,15,30,Beatriz
3834,Monitor,11,200,Elena
3835,Teclado,2,45,Beatriz
3836,Laptop,8,1500,Beatriz
3837,Monitor,10,200,Elena
3838,Switch,5,95,Jose
3839,Webcam,9,60,Gabriela
3840,Switch,16,95,Isabel
3841,Mouse,15,20,Ana
3842,Parlantes,5,110,Hugo
3843,Parlantes,6,110,Elena
3844,SSD,2,120,Jose
3845,Webcam,4,60,Jose
3846,Laptop,15,1500,Diego
3847,Auriculares,3,80,Elena
3848,Auriculares,20,80,Fernando
3849,SSD,5,120,Diego
3850,Parlantes,5,110,Fernando
3851,Laptop,16,1500,Gabriela
3852,Webcam,12,60,Fernando
3853,Microfono,13,70,Ana
3854,SSD,4,120,Isabel
3855,Parlantes,3,110,Gabriela
3856,Tablet,8,350,Hugo
3857,Auriculares,9,80,Elena
3858,Switch,4,95,Fernando
3859,Teclado,8,45,Beatriz
3860,Teclado,2,45,Isabel
3861,Microfono,6,70,Elena
3862,Auriculares,13,80,Isabel
3863,Mouse,6,20,Ana
3864,Router,1,75,Fernando
3865,Webcam,11,60,Jose
3866,Monitor,16,200,Beatriz
3867,USB Hub,14,30,Beatriz
3868,Teclado,3,45,Isabel
3869,Switch,17,95,Gabriela
3870,Microfono,18,70,Fernando
3871,Mouse,3,20,Diego
3872,Router,20,75,Carlos
3873,RAM,16,90,Diego
3874,RAM,15,90,Diego
3875,Auriculares,17,80,Beatriz
3876,Laptop,15,1500,Hugo
3877,Auriculares,10,80,Beatriz
3878,Mouse,5,20,Ana
3879,Switch,2,95,Fernando
3880,Webcam,16,60,Fernando
3881,RAM,20,90,Elena
3882,USB Hub,12,30,Diego
3883,USB Hub,17,30,Diego
3884,Tablet,9,350,Jose
3885,Router,11,75,Hugo
3886,Microfono,5,70,Diego
3887,Microfono,2,70,Carlos
3888,Webcam,14,60,Carlos
3889,Impresora,16,250,Gabriela
3890,Mouse,12,20,Hugo
3891,Monitor,2,200,Fernando
3892,Impresora,9,250,Carlos
3893,Impresora,17,250,Carlos
3894,Webcam,5,60,Hugo
3895,Router,7,75,Jose
3896,Router,8,75,Gabriela
3897,Laptop,6,1500,Hugo
3898,Parlantes,1,110,Hugo
3899,Tablet,15,350,Diego
3900,Microfono,19,70,Beatriz
3901,Auriculares,14,80,Beatriz
3902,Microfono,14,70,Isabel
3903,Parlantes,11,110,Jose
3904,Parlantes,19,110,Fernando
3905,Microfono,4,70,Gabriela
3906,Auriculares,4,80,Ana
3907,Monitor,14,200,Elena
3908,Parlantes,3,110,Isabel
3909,Monitor,10,200,Ana
3910,Mouse,2,20,Diego
3911,Auriculares,7,80,Elena
3912,Teclado,7,45,Diego
3913,Webcam,18,60,Jose
3914,Teclado,15,45,Carlos
3915,Parlantes,20,110,Isabel
3916,Laptop,18,1500,Hugo
3917,Laptop,1,1500,Carlos
3918,Webcam,7,60,Carlos
3919,Monitor,5,200,Hugo
3920,Tablet,1,350,Ana
3921,Teclado,6,45,Fernando
3922,Parlantes,3,110,Ana
3923,Teclado,10,45,Gabriela
3924,Monitor,14,200,Fernando
3925,Tablet,11,350,Elena
3926,Auriculares,5,80,Jose
3927,Mouse,13,20,Hugo
3928,Router,7,75,Fernando
3929,Laptop,6,1500,Gabriela
3930,Laptop,11,1500,Diego
3931,Teclado,3,45,Fernando
3932,Webcam,11,60,Fernando
3933,Webcam,5,60,Isabel
3934,Auriculares,6,80,Jose
3935,Teclado,20,45,Gabriela
3936,Auriculares,3,80,Fernando
3937,Mouse,12,20,Carlos
3938,SSD,12,120,Isabel
3939,SSD,19,120,Jose
3940,USB Hub,18,30,Isabel
3941,Parlantes,6,110,Carlos
3942,Impresora,3,250,Hugo
3943,Auriculares,3,80,Jose
3944,Impresora,3,250,Fernando
3945,Teclado,12,45,Jose
3946,Teclado,10,45,Beatriz
3947,Webcam,10,60,Ana
3948,Microfono,7,70,Gabriela
3949,USB Hub,12,30,Elena
3950,Monitor,7,200,Ana
3951,Auriculares,2,80,Carlos
3952,Monitor,6,200,Diego
3953,Monitor,7,200,Jose
3954,RAM,18,90,Hugo
3955,Microfono,11,70,Beatriz
3956,Monitor,15,200,Isabel
3957,Router,1,75,Beatriz
3958,Parlantes,7,110,Gabriela
3959,Monitor,13,200,Hugo
3960,Teclado,4,45,Elena
3961,SSD,3,120,Jose
3962,Microfono,1,70,Diego
3963,USB Hub,15,30,Hugo
3964,Impresora,17,250,Isabel
3965,Impresora,2,250,Carlos
3966,USB Hub,9,30,Jose
3967,Microfono,16,70,Fernando
3968,Mouse,10,20,Beatriz
3969,Auriculares,19,80,Diego
3970,Parlantes,12,110,Jose
3971,Teclado,7,45,Elena
3972,Router,9,75,Beatriz
3973,SSD,12,120,Diego
3974,Webcam,16,60,Ana
3975,Auriculares,16,80,Elena
3976,SSD,20,120,Fernando
3977,Auriculares,8,80,Hugo
3978,Parlantes,14,110,Beatriz
3979,Switch,3,95,Carlos
3980,Router,18,75,Jose
3981,USB Hub,8,30,Elena
3982,Auriculares,2,80,Isabel
3983,Microfono,8,70,Diego
3984,Laptop,20,1500,Fernando
3985,Webcam,6,60,Carlos
3986,Tablet,4,350,Jose
3987,Webcam,2,60,Elena
3988,Mouse,12,20,Beatriz
3989,Impresora,12,250,Beatriz
3990,Parlantes,13,110,Carlos
3991,Tablet,20,350,Beatriz
3992,USB Hub,16,30,Isabel
3993,Teclado,12,45,Fernando
3994,Teclado,8,45,Fernando
3995,Switch,6,95,Fernando
3996,Impresora,5,250,Elena
3997,Teclado,10,45,Fernando
3998,USB Hub,17,30,Elena
3999,Microfono,18,70,Isabel
4000,Monitor,1,200,Elena
4001,Auriculares,5,80,Gabriela
4002,Mouse,20,20,Isabel
4003,Teclado,19,45,Diego
4004,Router,18,75,Hugo
4005,Impresora,16,250,Carlos
4006,Impresora,7,250,Gabriela
4007,Auriculares,7,80,Carlos
4008,Microfono,20,70,Beatriz
4009,Impresora,3,250,Diego
4010,Parlantes,7,110,Jose
4011,Teclado,14,45,Beatriz
4012,RAM,16,90,Diego
4013,Mouse,1,20,Ana
4014,Tablet,4,350,Elena
4015,Microfono,1,70,Hugo
4016,Switch,7,95,Fernando
4017,Router,11,75,Beatriz
4018,Teclado,1,45,Carlos
4019,Impresora,6,250,Carlos
4020,Switch,3,95,Ana
4021,Auriculares,4,80,Fernando
4022,Monitor,10,200,Beatriz
4023,Router,4,75,Hugo
4024,Monitor,11,200,Jose
4025,Monitor,12,200,Beatriz
4026,SSD,3,120,Jose
4027,Tablet,19,350,Carlos
4028,Webcam,11,60,Diego
4029,Monitor,12,200,Elena
4030,Switch,13,95,Diego
4031,Parlantes,6,110,Fernando
4032,Mouse,5,20,Gabriela
4033,Tablet,20,350,Gabriela
4034,Switch,3,95,Jose
4035,Tablet,1,350,Beatriz
4036,Mouse,19,20,Jose
4037,Impresora,2,250,Elena
4038,Switch,18,95,Beatriz
4039,Monitor,1,200,Isabel
4040,Mouse,6,20,Gabriela
4041,Webcam,6,60,Elena
4042,Monitor,4,200,Beatriz
4043,RAM,15,90,Jose
4044,Tablet,15,350,Ana
4045,Microfono,14,70,Gabriela
4046,Switch,4,95,Gabriela
4047,Impresora,2,250,Jose
4048,Teclado,1,45,Ana
4049,Mouse,1,20,Isabel
4050,Monitor,14,200,Fernando
4051,Microfono,3,70,Fernando
4052,USB Hub,15,30,Gabriela
4053,Webcam,9,60,Fernando
4054,Switch,5,95,Beatriz
4055,SSD,17,120,Gabriela
4056,Tablet,9,350,Hugo
4057,Impresora,10,250,Jose
4058,Webcam,12,60,Beatriz
4059,Mouse,18,20,Jose
4060,Tablet,10,350,Beatriz
4061,Mouse,12,20,Gabriela
4062,Microfono,5,70,Isabel
4063,USB Hub,17,30,Elena
4064,Teclado,16,45,Jose
4065,Teclado,5,45,Diego
4066,Tablet,11,350,Diego
4067,Switch,8,95,Jose
4068,RAM,3,90,Hugo
4069,Monitor,11,200,Gabriela
4070,Monitor,5,200,Diego
4071,Teclado,5,45,Fernando
4072,Mouse,2,20,Jose
4073,Webcam,2,60,Gabriela
4074,USB Hub,17,30,Hugo
4075,SSD,4,120,Ana
4076,Router,19,75,Gabriela
4077,Impresora,10,250,Beatriz
4078,Switch,6,95,Gabriela
4079,Switch,8,95,Jose
4080,Tablet,15,350,Ana
4081,USB Hub,9,30,Fernando
4082,Auriculares,6,80,Carlos
4083,RAM,14,90,Elena
4084,Laptop,19,1500,Elena
4085,RAM,19,90,Diego
4086,SSD,2,120,Diego
4087,Auriculares,7,80,Jose
4088,Monitor,14,200,Beatriz
4089,Monitor,16,200,Ana
4090,Monitor,7,200,Fernando
4091,Impresora,14,250,Beatriz
4092,Parlantes,18,110,Carlos
4093,SSD,6,120,Elena
4094,Laptop,10,1500,Elena
4095,Parlantes,13,110,Fernando
4096,RAM,4,90,Elena
4097,Switch,15,95,Gabriela
4098,Switch,20,95,Gabriela
4099,Switch,12,95,Jose
4100,Webcam,1,60,Ana
4101,USB Hub,19,30,Jose
4102,Microfono,3,70,Diego
4103,Monitor,13,200,Diego
4104,Switch,18,95,Jose
4105,Impresora,2,250,Hugo
4106,Monitor,15,200,Jose
4107,Impresora,10,250,Gabriela
4108,Tablet,19,350,Jose
4109,Microfono,12,70,Beatriz
4110,Parlantes,4,110,Gabriela
4111,Microfono,7,70,Elena
4112,Auriculares,4,80,Diego
4113,USB Hub,5,30,Gabriela
4114,Teclado,9,45,Beatriz
4115,Parlantes,14,110,Isabel
4116,Impresora,8,250,Carlos
4117,SSD,17,120,Gabriela
4118,USB Hub,18,30,Fernando
4119,Mouse,3,20,Isabel
4120,USB Hub,6,30,Beatriz
4121,Microfono,3,70,Beatriz
4122,RAM,3,90,Ana
4123,USB Hub,3,30,Isabel
4124,Auriculares,10,80,Ana
4125,Teclado,16,45,Elena
4126,Switch,7,95,Carlos
4127,Switch,12,95,Diego
4128,Webcam,7,60,Carlos
4129,Tablet,11,350,Carlos
4130,RAM,8,90,Hugo
4131,SSD,14,120,Isabel
4132,Impresora,11,250,Carlos
4133,Switch,10,95,Carlos
4134,Impresora,18,250,Gabriela
4135,Impresora,20,250,Beatriz
4136,Impresora,3,250,Jose
4137,Impresora,13,250,Elena
4138,Tablet,2,350,Gabriela
4139,Tablet,19,350,Diego
4140,Tablet,12,350,Jose
4141,Tablet,16,350,Isabel
4142,Microfono,4,70,Elena
4143,Monitor,4,200,Hugo
4144,Auriculares,10,80,Fernando
4145,Auriculares,5,80,Diego
4146,SSD,18,120,Elena
4147,Microfono,5,70,Carlos
4148,Auriculares,14,80,Beatriz
4149,Microfono,6,70,Carlos
4150,Impresora,8,250,Ana
4151,Tablet,6,350,Carlos
4152,Router,19,75,Beatriz
4153,Impresora,2,250,Fernando
4154,Tablet,8,350,Isabel
4155,Tablet,19,350,Gabriela
4156,RAM,15,90,Beatriz
4157,Parlantes,10,110,Isabel
4158,Webcam,4,60,Beatriz
4159,USB Hub,7,30,Isabel
4160,Parlantes,10,110,Ana
4161,Router,16,75,Ana
4162,Teclado,20,45,Isabel
4163,RAM,17,90,Diego
4164,Switch,5,95,Hugo
4165,Impresora,6,250,Carlos
4166,Auriculares,7,80,Beatriz
4167,Auriculares,11,80,Beatriz
4168,Microfono,6,70,Isabel
4169,Impresora,19,250,Elena
4170,Switch,13,95,Carlos
4171,Mouse,20,20,Gabriela
4172,Parlantes,14,110,Gabriela
4173,Switch,5,95,Jose
4174,Parlantes,17,110,Elena
4175,Monitor,7,200,Fernando
4176,Webcam,5,60,Jose
4177,Router,3,75,Diego
4178,RAM,2,90,Hugo
4179,RAM,1,90,Beatriz
4180,RAM,6,90,Jose
4181,Mouse,8,20,Jose
4182,Monitor,19,200,Elena
4183,Monitor,20,200,Jose
4184,USB Hub,11,30,Fernando
4185,Parlantes,15,110,Gabriela
4186,Monitor,3,200,Carlos
4187,Router,7,75,Isabel
4188,Auriculares,20,80,Elena
4189,Switch,9,95,Jose
4190,USB Hub,11,30,Diego
4191,Impresora,6,250,Hugo
4192,Laptop,19,1500,Hugo
4193,Switch,11,95,Hugo
4194,Parlantes,19,110,Elena
4195,USB Hub,17,30,Isabel
4196,Parlantes,6,110,Elena
4197,USB Hub,9,30,Diego
4198,RAM,12,90,Hugo
4199,Microfono,17,70,Gabriela
4200,Parlantes,20,110,Isabel
4201,Webcam,12,60,Diego
4202,Parlantes,10,110,Elena
4203,USB Hub,10,30,Beatriz
4204,Monitor,6,200,Isabel
4205,Impresora,12,250,Isabel
4206,Mouse,8,20,Diego
4207,Mouse,18,20,Hugo
4208,Laptop,8,1500,Jose
4209,SSD,8,120,Fernando
4210,Monitor,1,200,Hugo
4211,Auriculares,16,80,Hugo
4212,Laptop,2,1500,Carlos
4213,SSD,6,120,Jose
4214,RAM,6,90,Fernando
4215,Laptop,1,1500,Isabel
4216,Mouse,10,20,Elena
4217,Microfono,5,70,Hugo
4218,Router,18,75,Jose
4219,Microfono,1,70,Jose
4220,Impresora,16,250,Carlos
4221,Teclado,9,45,Gabriela
4222,Router,5,75,Isabel
4223,Switch,1,95,Hugo
4224,Webcam,14,60,Hugo
4225,Laptop,9,1500,Fernando
4226,Laptop,15,1500,Jose
4227,Webcam,6,60,Elena
4228,Auriculares,15,80,Isabel
4229,Microfono,14,70,Jose
4230,Webcam,5,60,Isabel
4231,Teclado,5,45,Fernando
4232,Webcam,16,60,Jose
4233,Laptop,14,1500,Carlos
4234,Microfono,11,70,Elena
4235,Router,17,75,Jose
4236,Teclado,6,45,Diego
4237,Auriculares,16,80,Diego
4238,Microfono,10,70,Elena
4239,Parlantes,7,110,Fernando
4240,Impresora,7,250,Beatriz
4241,Webcam,11,60,Carlos
4242,SSD,11,120,Gabriela
4243,SSD,14,120,Isabel
4244,Mouse,3,20,Jose
4245,Tablet,19,350,Carlos
4246,Parlantes,1,110,Hugo
4247,RAM,15,90,Beatriz
4248,Auriculares,2,80,Diego
4249,Switch,12,95,Isabel
4250,Laptop,2,1500,Isabel
4251,USB Hub,14,30,Hugo
4252,Parlantes,16,110,Diego
4253,Router,10,75,Gabriela
4254,Webcam,4,60,Ana
4255,USB Hub,6,30,Isabel
4256,Auriculares,17,80,Jose
4257,RAM,3,90,Hugo
4258,Router,11,75,Isabel
4259,Impresora,11,250,Isabel
4260,Tablet,11,350,Carlos
4261,Laptop,19,1500,Fernando
4262,Microfono,18,70,Elena
4263,Microfono,15,70,Gabriela
4264,Auriculares,19,80,Isabel
4265,RAM,11,90,Fernando
4266,Parlantes,8,110,Diego
4267,Mouse,20,20,Ana
4268,Tablet,8,350,Hugo
4269,Parlantes,15,110,Fernando
4270,Mouse,9,20,Diego
4271,Monitor,2,200,Isabel
4272,USB Hub,14,30,Ana
4273,Laptop,7,1500,Ana
4274,Tablet,11,350,Elena
4275,Impresora,7,250,Isabel
4276,Monitor,8,200,Fernando
4277,Impresora,3,250,Isabel
4278,Parlantes,11,110,Diego
4279,Mouse,3,20,Elena
4280,USB Hub,10,30,Ana
4281,Webcam,10,60,Hugo
4282,Laptop,13,1500,Isabel
4283,SSD,14,120,Diego
4284,SSD,18,120,Hugo
4285,Switch,15,95,Isabel
4286,Auriculares,15,80,Hugo
4287,RAM,6,90,Isabel
4288,Parlantes,18,110,Hugo
4289,Monitor,4,200,Jose
4290,Tablet,16,350,Carlos
4291,Mouse,7,20,Beatriz
4292,Impresora,18,250,Beatriz
4293,Webcam,3,60,Elena
4294,Monitor,14,200,Diego
4295,Laptop,14,1500,Gabriela
4296,Auriculares,10,80,Carlos
4297,Teclado,17,45,Jose
4298,Monitor,8,200,Beatriz
4299,Auriculares,20,80,Elena
4300,Switch,19,95,Ana
4301,Router,11,75,Fernando
4302,Laptop,17,1500,Isabel
4303,Mouse,9,20,Diego
4304,RAM,9,90,Hugo
4305,Impresora,19,250,Gabriela
4306,Monitor,6,200,Isabel
4307,Teclado,20,45,Gabriela
4308,Webcam,10,60,Hugo
4309,USB Hub,1,30,Gabriela
4310,USB Hub,20,30,Hugo
4311,Webcam,12,60,Jose
4312,RAM,17,90,Diego
4313,Teclado,6,45,Beatriz
4314,RAM,10,90,Isabel
4315,Auriculares,12,80,Gabriela
4316,Auriculares,16,80,Diego
4317,SSD,16,120,Beatriz
4318,Switch,3,95,Gabriela
4319,Monitor,19,200,Carlos
4320,Webcam,11,60,Hugo
4321,Tablet,3,350,Elena
4322,Switch,16,95,Jose
4323,USB Hub,8,30,Hugo
4324,SSD,16,120,Hugo
4325,Mouse,19,20,Fernando
4326,Mouse,6,20,Elena
4327,Router,20,75,Elena
4328,Mouse,11,20,Elena
4329,Router,13,75,Beatriz
4330,Tablet,20,350,Isabel
4331,Router,15,75,Isabel
4332,Tablet,3,350,Gabriela
4333,Auriculares,11,80,Elena
4334,Teclado,16,45,Ana
4335,Teclado,7,45,Elena
4336,RAM,5,90,Ana
4337,Microfono,16,70,Beatriz
4338,Router,14,75,Ana
4339,Tablet,16,350,Hugo
4340,Mouse,2,20,Beatriz
4341,Microfono,13,70,Ana
4342,Impresora,13,250,Gabriela
4343,Monitor,18,200,Diego
4344,Router,2,75,Hugo
4345,Monitor,1,200,Hugo
4346,Parlantes,12,110,Ana
4347,SSD,12,120,Isabel
4348,Switch,16,95,Fernando
4349,Mouse,9,20,Hugo
4350,Microfono,20,70,Carlos
4351,Impresora,4,250,Diego
4352,Teclado,12,45,Beatriz
4353,USB Hub,1,30,Carlos
4354,USB Hub,9,30,Ana
4355,Parlantes,8,110,Isabel
4356,Microfono,5,70,Elena
4357,Router,20,75,Carlos
4358,Switch,1,95,Ana
4359,RAM,6,90,Gabriela
4360,Auriculares,2,80,Carlos
4361,Router,7,75,Jose
4362,Monitor,20,200,Elena
4363,Teclado,8,45,Ana
4364,RAM,8,90,Ana
4365,Mouse,9,20,Isabel
4366,Impresora,8,250,Beatriz
4367,Parlantes,3,110,Carlos
4368,Monitor,5,200,Jose
4369,Monitor,12,200,Diego
4370,USB Hub,8,30,Diego
4371,Laptop,9,1500,Isabel
4372,Switch,11,95,Gabriela
4373,Parlantes,10,110,Ana
4374,Switch,6,95,Isabel
4375,Mouse,17,20,Isabel
4376,Auriculares,9,80,Fernando
4377,Router,5,75,Gabriela
4378,Microfono,3,70,Jose
4379,Router,4,75,Beatriz
4380,Router,11,75,Gabriela
4381,Impresora,14,250,Carlos
4382,Impresora,13,250,Fernando
4383,Webcam,17,60,Gabriela
4384,SSD,10,120,Carlos
4385,Mouse,7,20,Ana
4386,USB Hub,13,30,Hugo
4387,Mouse,13,20,Hugo
4388,Monitor,17,200,Jose
4389,USB Hub,12,30,Beatriz
4390,Auriculares,12,80,Ana
4391,Teclado,16,45,Beatriz
4392,Parlantes,13,110,Diego
4393,Router,3,75,Ana
4394,SSD,17,120,Jose
4395,Monitor,1,200,Jose
4396,Webcam,6,60,Isabel
4397,Teclado,15,45,Jose
4398,RAM,6,90,Jose
4399,Impresora,11,250,Fernando
4400,Parlantes,6,110,Jose
4401,Teclado,7,45,Jose
4402,Mouse,14,20,Fernando
4403,Tablet,7,350,Ana
4404,RAM,8,90,Elena
4405,Microfono,18,70,Carlos
4406,Parlantes,6,110,Gabriela
4407,SSD,11,120,Fernando
4408,SSD,18,120,Carlos
4409,Mouse,6,20,Ana
4410,SSD,7,120,Isabel
4411,USB Hub,6,30,Diego
4412,Mouse,19,20,Gabriela
4413,RAM,7,90,Hugo
4414,Router,1,75,Elena
4415,Auriculares,14,80,Ana
4416,Microfono,5,70,Fernando
4417,RAM,9,90,Jose
4418,Tablet,7,350,Fernando
4419,SSD,3,120,Diego
4420,RAM,17,90,Elena
4421,SSD,11,120,Jose
4422,Impresora,12,250,Elena
4423,Parlantes,3,110,Beatriz
4424,Tablet,20,350,Elena
4425,USB Hub,2,30,Elena
4426,Switch,17,95,Carlos
4427,Webcam,11,60,Ana
4428,Microfono,10,70,Carlos
4429,RAM,19,90,Beatriz
4430,Impresora,16,250,Hugo
4431,Router,18,75,Fernando
4432,Laptop,2,1500,Ana
4433,Laptop,14,1500,Gabriela
4434,Parlantes,14,110,Fernando
4435,Tablet,16,350,Hugo
4436,Impresora,8,250,Gabriela
4437,Teclado,12,45,Jose
4438,Switch,6,95,Isabel
4439,Parlantes,18,110,Elena
4440,RAM,12,90,Ana
4441,Router,7,75,Beatriz
4442,Parlantes,1,110,Hugo
4443,SSD,11,120,Fernando
4444,SSD,17,120,Isabel
4445,Impresora,12,250,Diego
4446,Microfono,11,70,Isabel
4447,Switch,11,95,Carlos
4448,Impresora,1,250,Hugo
4449,Laptop,8,1500,Carlos
4450,Parlantes,13,110,Jose
4451,Switch,15,95,Elena
4452,USB Hub,8,30,Gabriela
4453,Monitor,19,200,Jose
4454,Parlantes,1,110,Gabriela
4455,Auriculares,2,80,Ana
4456,Microfono,4,70,Isabel
4457,Laptop,5,1500,Elena
4458,Impresora,6,250,Gabriela
4459,Parlantes,5,110,Carlos
4460,Impresora,7,250,Beatriz
4461,Parlantes,16,110,Isabel
4462,Parlantes,10,110,Ana
4463,RAM,20,90,Gabriela
4464,Laptop,13,1500,Ana
4465,Laptop,9,1500,Ana
4466,Router,13,75,Fernando
4467,Switch,3,95,Ana
4468,Webcam,5,60,Beatriz
4469,Parlantes,20,110,Diego
4470,Teclado,16,45,Jose
4471,Teclado,17,45,Fernando
4472,Impresora,20,250,Hugo
4473,Tablet,6,350,Carlos
4474,Webcam,7,60,Ana
4475,Impresora,9,250,Hugo
4476,Tablet,11,350,Gabriela
4477,Teclado,12,45,Beatriz
4478,Parlantes,14,110,Isabel
4479,Laptop,18,1500,Elena
4480,Webcam,14,60,Hugo
4481,USB Hub,3,30,Beatriz
4482,Parlantes,6,110,Isabel
4483,Auriculares,14,80,Ana
4484,Teclado,18,45,Hugo
4485,Laptop,16,1500,Beatriz
4486,Router,15,75,Carlos
4487,Monitor,12,200,Gabriela
4488,Webcam,6,60,Gabriela
4489,Teclado,6,45,Isabel
4490,Laptop,13,1500,Fernando
4491,Switch,9,95,Hugo
4492,Laptop,6,1500,Carlos
4493,Monitor,17,200,Ana
4494,Impresora,14,250,Ana
4495,Teclado,11,45,Beatriz
4496,Impresora,5,250,Carlos
4497,Impresora,18,250,Elena
4498,Laptop,4,1500,Ana
4499,USB Hub,18,30,Isabel
4500,Monitor,5,200,Elena
4501,Monitor,8,200,Carlos
4502,Monitor,10,200,Diego
4503,Parlantes,9,110,Carlos
4504,Teclado,13,45,Isabel
4505,Webcam,16,60,Ana
4506,Auriculares,6,80,Elena
4507,Microfono,4,70,Carlos
4508,Microfono,18,70,Fernando
4509,Switch,9,95,Ana
4510,Microfono,4,70,Elena
4511,Webcam,16,60,Beatriz
4512,Auriculares,7,80,Gabriela
4513,Laptop,3,1500,Beatriz
4514,Parlantes,8,110,Beatriz
4515,Monitor,8,200,Hugo
4516,Router,1,75,Jose
4517,Monitor,3,200,Jose
4518,RAM,18,90,Isabel
4519,Parlantes,15,110,Isabel
4520,Impresora,10,250,Diego
4521,Auriculares,12,80,Elena
4522,SSD,5,120,Diego
4523,Microfono,20,70,Fernando
4524,Parlantes,5,110,Hugo
4525,Impresora,8,250,Diego
4526,Monitor,4,200,Elena
4527,USB Hub,11,30,Gabriela
4528,Mouse,12,20,Beatriz
4529,Parlantes,15,110,Elena
4530,Parlantes,18,110,Jose
4531,Mouse,2,20,Isabel
4532,Tablet,7,350,Jose
4533,Parlantes,17,110,Isabel
4534,Monitor,11,200,Elena
4535,Impresora,10,250,Diego
4536,Router,9,75,Hugo
4537,Webcam,5,60,Gabriela
4538,Microfono,9,70,Jose
4539,Auriculares,2,80,Hugo
4540,RAM,3,90,Isabel
4541,USB Hub,19,30,Gabriela
4542,Laptop,7,1500,Fernando
4543,SSD,4,120,Isabel
4544,Teclado,17,45,Isabel
4545,Switch,3,95,Carlos
4546,Monitor,17,200,Beatriz
4547,Laptop,1,1500,Diego
4548,Router,18,75,Jose
4549,RAM,10,90,Elena
4550,Microfono,11,70,Fernando
4551,Monitor,7,200,Fernando
4552,Impresora,5,250,Carlos
4553,Webcam,14,60,Diego
4554,Mouse,16,20,Hugo
4555,Mouse,16,20,Gabriela
4556,Mouse,16,20,Jose
4557,Teclado,6,45,Gabriela
4558,RAM,18,90,Ana
4559,Impresora,5,250,Ana
4560,Parlantes,9,110,Elena
4561,Teclado,8,45,Isabel
4562,Monitor,19,200,Ana
4563,Switch,19,95,Carlos
4564,Switch,11,95,Diego
4565,Monitor,8,200,Gabriela
4566,USB Hub,16,30,Isabel
4567,Impresora,12,250,Fernando
4568,USB Hub,16,30,Fernando
4569,Monitor,13,200,Gabriela
4570,Microfono,20,70,Diego
4571,USB Hub,10,30,Fernando
4572,Monitor,1,200,Carlos
4573,Mouse,10,20,Ana
4574,Laptop,18,1500,Carlos
4575,Monitor,11,200,Gabriela
4576,Auriculares,19,80,Beatriz
4577,Microfono,5,70,Hugo
4578,Webcam,2,60,Isabel
4579,Laptop,3,1500,Beatriz
4580,Laptop,8,1500,Carlos
4581,Microfono,10,70,Fernando
4582,Teclado,20,45,Diego
4583,Teclado,20,45,Carlos
4584,SSD,16,120,Isabel
4585,Tablet,4,350,Ana
4586,Auriculares,7,80,Ana
4587,RAM,1,90,Hugo
4588,Auriculares,7,80,Gabriela
4589,Microfono,12,70,Jose
4590,Tablet,11,350,Carlos
4591,Teclado,1,45,Jose
4592,Auriculares,9,80,Ana
4593,Router,7,75,Beatriz
4594,RAM,15,90,Beatriz
4595,Monitor,11,200,Beatriz
4596,USB Hub,13,30,Fernando
4597,Parlantes,9,110,Elena
4598,Mouse,3,20,Elena
4599,Impresora,20,250,Ana
4600,Tablet,2,350,Diego
4601,USB Hub,3,30,Hugo
4602,Auriculares,1,80,Diego
4603,Tablet,20,350,Isabel
4604,Teclado,16,45,Elena
4605,Router,13,75,Isabel
4606,Webcam,16,60,Fernando
4607,Router,8,75,Diego
4608,Mouse,8,20,Gabriela
4609,Router,11,75,Elena
4610,Auriculares,16,80,Carlos
4611,SSD,11,120,Ana
4612,Mouse,20,20,Ana
4613,Auriculares,12,80,Fernando
4614,Router,2,75,Elena
4615,Webcam,14,60,Elena
4616,Laptop,19,1500,Carlos
4617,Parlantes,8,110,Elena
4618,RAM,13,90,Beatriz
4619,RAM,4,90,Jose
4620,Auriculares,4,80,Ana
4621,Teclado,10,45,Beatriz
4622,Impresora,16,250,Isabel
4623,Microfono,18,70,Hugo
4624,Microfono,15,70,Diego
4625,Microfono,14,70,Fernando
4626,Parlantes,3,110,Carlos
4627,Tablet,1,350,Isabel
4628,Laptop,5,1500,Ana
4629,RAM,2,90,Ana
4630,Webcam,14,60,Diego
4631,RAM,13,90,Diego
4632,Router,19,75,Gabriela
4633,Tablet,6,350,Hugo
4634,Mouse,1,20,Carlos
4635,Switch,19,95,Gabriela
4636,Monitor,16,200,Isabel
4637,Mouse,2,20,Gabriela
4638,Switch,8,95,Isabel
4639,Teclado,14,45,Gabriela
4640,Teclado,14,45,Hugo
4641,Tablet,9,350,Hugo
4642,Tablet,19,350,Isabel
4643,Tablet,1,350,Hugo
4644,Teclado,20,45,Isabel
4645,Microfono,3,70,Hugo
4646,Switch,10,95,Hugo
4647,Monitor,18,200,Jose
4648,Router,6,75,Jose
4649,Switch,14,95,Ana
4650,Mouse,8,20,Diego
4651,Mouse,18,20,Isabel
4652,Router,16,75,Gabriela
4653,Laptop,20,1500,Fernando
4654,Mouse,20,20,Isabel
4655,Monitor,11,200,Ana
4656,Webcam,11,60,Hugo
4657,RAM,5,90,Ana
4658,Monitor,19,200,Isabel
4659,Monitor,1,200,Carlos
4660,Teclado,7,45,Diego
4661,Parlantes,17,110,Isabel
4662,Switch,3,95,Elena
4663,Auriculares,9,80,Diego
4664,Switch,13,95,Diego
4665,Mouse,5,20,Carlos
4666,Laptop,8,1500,Gabriela
4667,Impresora,10,250,Gabriela
4668,Mouse,12,20,Gabriela
4669,USB Hub,5,30,Ana
4670,SSD,2,120,Beatriz
4671,RAM,4,90,Jose
4672,Impresora,18,250,Gabriela
4673,Parlantes,16,110,Elena
4674,Webcam,20,60,Fernando
4675,RAM,18,90,Jose
4676,USB Hub,2,30,Ana
4677,Parlantes,17,110,Ana
4678,Router,14,75,Fernando
4679,Tablet,6,350,Carlos
4680,Monitor,13,200,Jose
4681,RAM,15,90,Hugo
4682,Router,4,75,Beatriz
4683,Teclado,20,45,Gabriela
4684,Router,14,75,Jose
4685,Router,12,75,Beatriz
4686,Switch,7,95,Jose
4687,Impresora,1,250,Elena
4688,Mouse,5,20,Hugo
4689,USB Hub,2,30,Hugo
4690,Laptop,2,1500,Beatriz
4691,Mouse,17,20,Elena
4692,Switch,5,95,Fernando
4693,Mouse,2,20,Isabel
4694,Router,17,75,Beatriz
4695,Tablet,11,350,Elena
4696,Parlantes,6,110,Fernando
4697,Tablet,4,350,Beatriz
4698,Impresora,18,250,Hugo
4699,USB Hub,3,30,Jose
4700,Microfono,3,70,Fernando
4701,Impresora,20,250,Isabel
4702,Microfono,9,70,Gabriela
4703,Router,4,75,Hugo
4704,Tablet,3,350,Gabriela
4705,Switch,3,95,Isabel
4706,Auriculares,4,80,Jose
4707,Impresora,5,250,Gabriela
4708,Monitor,1,200,Isabel
4709,Parlantes,10,110,Diego
4710,Router,19,75,Fernando
4711,Switch,10,95,Diego
4712,Router,4,75,Isabel
4713,RAM,13,90,Isabel
4714,Impresora,1,250,Jose
4715,Impresora,15,250,Gabriela
4716,Switch,12,95,Isabel
4717,Switch,14,95,Hugo
4718,RAM,11,90,Elena
4719,RAM,18,90,Elena
4720,RAM,6,90,Diego
4721,Laptop,8,1500,Beatriz
4722,Teclado,6,45,Carlos
4723,Webcam,7,60,Isabel
4724,Webcam,6,60,Carlos
4725,Impresora,1,250,Diego
4726,Microfono,20,70,Hugo
4727,Monitor,3,200,Diego
4728,SSD,13,120,Elena
4729,Teclado,3,45,Ana
4730,USB Hub,1,30,Ana
4731,Switch,2,95,Isabel
4732,Tablet,3,350,Diego
4733,Router,17,75,Ana
4734,SSD,4,120,Diego
4735,Impresora,3,250,Hugo
4736,Microfono,11,70,Carlos
4737,Switch,20,95,Fernando
4738,Parlantes,2,110,Fernando
4739,Monitor,10,200,Fernando
4740,Webcam,18,60,Elena
4741,Webcam,7,60,Diego
4742,Switch,6,95,Carlos
4743,Router,1,75,Hugo
4744,USB Hub,16,30,Jose
4745,Auriculares,16,80,Diego
4746,Switch,7,95,Ana
4747,Router,20,75,Elena
4748,Microfono,20,70,Isabel
4749,Teclado,14,45,Carlos
4750,RAM,7,90,Gabriela
4751,Impresora,9,250,Elena
4752,Microfono,5,70,Gabriela
4753,Microfono,12,70,Fernando
4754,Parlantes,20,110,Hugo
4755,Impresora,6,250,Gabriela
4756,RAM,12,90,Fernando
4757,USB Hub,12,30,Gabriela
4758,Parlantes,14,110,Hugo
4759,Auriculares,1,80,Hugo
4760,Tablet,19,350,Hugo
4761,Router,7,75,Jose
4762,Webcam,1,60,Jose
4763,Teclado,16,45,Ana
4764,Parlantes,4,110,Fernando
4765,Teclado,12,45,Hugo
4766,Router,10,75,Isabel
4767,Impresora,4,250,Carlos
4768,Router,12,75,Diego
4769,Auriculares,19,80,Ana
4770,Impresora,2,250,Hugo
4771,Router,10,75,Ana
4772,Webcam,18,60,Isabel
4773,Parlantes,5,110,Jose
4774,Switch,19,95,Elena
4775,RAM,3,90,Beatriz
4776,Microfono,1,70,Elena
4777,Impresora,5,250,Beatriz
4778,Switch,3,95,Hugo
4779,Microfono,6,70,Gabriela
4780,RAM,2,90,Carlos
4781,Auriculares,6,80,Diego
4782,Impresora,12,250,Beatriz
4783,Mouse,18,20,Hugo
4784,Tablet,12,350,Jose
4785,SSD,13,120,Ana
4786,Parlantes,9,110,Beatriz
4787,RAM,3,90,Gabriela
4788,Impresora,15,250,Ana
4789,Switch,11,95,Fernando
4790,Laptop,12,1500,Isabel
4791,Laptop,18,1500,Jose
4792,USB Hub,20,30,Gabriela
4793,Parlantes,5,110,Gabriela
4794,SSD,11,120,Beatriz
4795,Monitor,3,200,Jose
4796,Monitor,6,200,Ana
4797,Mouse,4,20,Fernando
4798,Mouse,13,20,Hugo
4799,Mouse,13,20,Elena
4800,Parlantes,10,110,Diego
4801,Tablet,11,350,Elena
4802,Switch,9,95,Carlos
4803,Teclado,11,45,Jose
4804,Laptop,8,1500,Diego
4805,Switch,12,95,Carlos
4806,USB Hub,2,30,Fernando
4807,Parlantes,15,110,Hugo
4808,SSD,13,120,Hugo
4809,SSD,4,120,Hugo
4810,RAM,11,90,Isabel
4811,Microfono,12,70,Ana
4812,Tablet,2,350,Isabel
4813,USB Hub,18,30,Ana
4814,USB Hub,13,30,Ana
4815,Router,5,75,Isabel
4816,Microfono,8,70,Hugo
4817,Auriculares,12,80,Diego
4818,Switch,1,95,Hugo
4819,Tablet,8,350,Ana
4820,Switch,3,95,Fernando
4821,Webcam,3,60,Fernando
4822,USB Hub,13,30,Isabel
4823,RAM,9,90,Isabel
4824,SSD,10,120,Beatriz
4825,Auriculares,2,80,Diego
4826,Impresora,9,250,Carlos
4827,Router,13,75,Carlos
4828,RAM,4,90,Gabriela
4829,SSD,9,120,Isabel
4830,USB Hub,7,30,Isabel
4831,Tablet,18,350,Isabel
4832,Switch,2,95,Carlos
4833,RAM,8,90,Carlos
4834,USB Hub,10,30,Isabel
4835,Laptop,7,1500,Elena
4836,Parlantes,19,110,Diego
4837,Tablet,4,350,Hugo
4838,Laptop,17,1500,Elena
4839,Switch,8,95,Hugo
4840,USB Hub,6,30,Jose
4841,SSD,8,120,Carlos
4842,USB Hub,16,30,Jose
4843,Parlantes,3,110,Ana
4844,Webcam,16,60,Gabriela
4845,Router,9,75,Gabriela
4846,Auriculares,5,80,Elena
4847,RAM,11,90,Ana
4848,Monitor,6,200,Elena
4849,SSD,18,120,Carlos
4850,Webcam,8,60,Hugo
4851,Switch,17,95,Beatriz
4852,SSD,10,120,Elena
4853,Teclado,11,45,Isabel
4854,Microfono,2,70,Isabel
4855,Switch,5,95,Beatriz
4856,Mouse,4,20,Carlos
4857,Microfono,9,70,Jose
4858,Mouse,17,20,Carlos
4859,SSD,11,120,Elena
4860,Impresora,9,250,Diego
4861,Microfono,9,70,Hugo
4862,Parlantes,7,110,Hugo
4863,Mouse,13,20,Gabriela
4864,RAM,11,90,Fernando
4865,Monitor,15,200,Diego
4866,Teclado,16,45,Elena
4867,SSD,17,120,Isabel
4868,Router,4,75,Isabel
4869,Laptop,17,1500,Ana
4870,Mouse,11,20,Carlos
4871,Teclado,1,45,Diego
4872,SSD,3,120,Jose
4873,Switch,15,95,Gabriela
4874,Tablet,7,350,Ana
4875,Microfono,8,70,Jose
4876,Switch,6,95,Elena
4877,Parlantes,14,110,Jose
4878,Webcam,12,60,Beatriz
4879,RAM,16,90,Fernando
4880,Parlantes,13,110,Jose
4881,Webcam,19,60,Elena
4882,Tablet,20,350,Gabriela
4883,Monitor,4,200,Fernando
4884,Impresora,18,250,Diego
4885,Parlantes,2,110,Gabriela
4886,Impresora,3,250,Jose
4887,RAM,7,90,Hugo
4888,Tablet,17,350,Ana
4889,Switch,3,95,Elena
4890,Parlantes,10,110,Gabriela
4891,SSD,19,120,Beatriz
4892,USB Hub,18,30,Carlos
4893,Router,20,75,Carlos
4894,Auriculares,10,80,Gabriela
4895,Router,20,75,Beatriz
4896,Router,11,75,Beatriz
4897,Auriculares,1,80,Gabriela
4898,Switch,4,95,Jose
4899,Tablet,7,350,Jose
4900,Impresora,1,250,Diego
4901,Teclado,17,45,Fernando
4902,Mouse,9,20,Isabel
4903,SSD,18,120,Jose
4904,Monitor,10,200,Beatriz
4905,Auriculares,20,80,Jose
4906,USB Hub,14,30,Hugo
4907,SSD,10,120,Jose
4908,Tablet,16,350,Carlos
4909,Tablet,5,350,Elena
4910,Monitor,2,200,Elena
4911,SSD,20,120,Ana
4912,Webcam,18,60,Elena
4913,Mouse,9,20,Gabriela
4914,Mouse,18,20,Isabel
4915,Router,10,75,Jose
4916,Teclado,7,45,Ana
4917,Mouse,20,20,Beatriz
4918,RAM,9,90,Hugo
4919,Mouse,14,20,Diego
4920,Mouse,15,20,Isabel
4921,Teclado,6,45,Elena
4922,Router,8,75,Ana
4923,Parlantes,6,110,Diego
4924,Teclado,7,45,Gabriela
4925,Impresora,11,250,Hugo
4926,Monitor,14,200,Carlos
4927,Mouse,4,20,Elena
4928,Teclado,19,45,Fernando
4929,Auriculares,9,80,Carlos
4930,USB Hub,12,30,Elena
4931,Teclado,20,45,Jose
4932,Microfono,8,70,Isabel
4933,Laptop,19,1500,Fernando
4934,Microfono,8,70,Gabriela
4935,Monitor,7,200,Diego
4936,RAM,7,90,Ana
4937,Teclado,5,45,Carlos
4938,Teclado,8,45,Beatriz
4939,Tablet,15,350,Fernando
4940,Webcam,3,60,Diego
4941,Monitor,10,200,Elena
4942,RAM,5,90,Carlos
4943,Mouse,8,20,Isabel
4944,Router,15,75,Elena
4945,Webcam,20,60,Jose
4946,Switch,14,95,Beatriz
4947,Tablet,11,350,Hugo
4948,Mouse,18,20,Fernando
4949,Tablet,5,350,Fernando
4950,Webcam,4,60,Diego
4951,Impresora,3,250,Diego
4952,Switch,9,95,Diego
4953,Webcam,3,60,Elena
4954,Impresora,15,250,Jose
4955,Monitor,17,200,Jose
4956,Parlantes,1,110,Elena
4957,Mouse,8,20,Jose
4958,Laptop,5,1500,Isabel
4959,USB Hub,10,30,Carlos
4960,RAM,18,90,Gabriela
4961,Teclado,18,45,Elena
4962,Monitor,1,200,Elena
4963,Parlantes,17,110,Fernando
4964,Parlantes,8,110,Carlos
4965,USB Hub,11,30,Fernando
4966,Parlantes,5,110,Gabriela
4967,Parlantes,20,110,Isabel
4968,Mouse,16,20,Fernando
4969,SSD,5,120,Gabriela
4970,Tablet,19,350,Isabel
4971,Switch,17,95,Ana
4972,Laptop,10,1500,Diego
4973,Switch,14,95,Isabel
4974,Switch,12,95,Fernando
4975,Microfono,14,70,Beatriz
4976,SSD,7,120,Fernando
4977,Router,15,75,Carlos
4978,RAM,2,90,Beatriz
4979,RAM,4,90,Isabel
4980,SSD,12,120,Carlos
4981,USB Hub,10,30,Diego
4982,Auriculares,4,80,Gabriela
4983,Router,16,75,Hugo
4984,Tablet,14,350,Elena
4985,USB Hub,16,30,Isabel
4986,Parlantes,2,110,Carlos
4987,Microfono,13,70,Beatriz
4988,Microfono,17,70,Jose
4989,Tablet,18,350,Isabel
4990,Webcam,16,60,Jose
4991,Monitor,18,200,Beatriz
4992,SSD,3,120,Gabriela
4993,Monitor,10,200,Jose
4994,Mouse,17,20,Beatriz
4995,Teclado,8,45,Carlos
4996,USB Hub,4,30,Isabel
4997,Switch,10,95,Jose
4998,Monitor,16,200,Jose
4999,Microfono,2,70,Isabel
5000,Monitor,15,200,Hugo
5001,Monitor,9,200,Carlos
5002,Tablet,14,350,Carlos
5003,RAM,2,90,Elena
5004,Teclado,5,45,Diego
5005,Webcam,7,60,Fernando
5006,Switch,13,95,Hugo
5007,Parlantes,19,110,Hugo
5008,Switch,11,95,Diego
5009,Microfono,3,70,Hugo
5010,RAM,2,90,Beatriz
5011,RAM,13,90,Gabriela
5012,Microfono,19,70,Isabel
5013,Mouse,2,20,Diego
5014,Microfono,7,70,Gabriela
5015,SSD,13,120,Jose
5016,Auriculares,18,80,Fernando
5017,Laptop,7,1500,Diego
5018,Microfono,6,70,Gabriela
5019,USB Hub,17,30,Fernando
5020,Impresora,11,250,Isabel
5021,USB Hub,4,30,Jose
5022,Impresora,20,250,Hugo
5023,Mouse,6,20,Gabriela
5024,Impresora,9,250,Elena
5025,Laptop,8,1500,Beatriz
5026,Mouse,9,20,Beatriz
5027,Switch,14,95,Fernando
5028,Router,6,75,Ana
5029,Router,15,75,Jose
5030,Laptop,17,1500,Hugo
5031,Microfono,2,70,Diego
5032,Laptop,4,1500,Jose
5033,Impresora,4,250,Fernando
5034,Router,1,75,Isabel
5035,Laptop,12,1500,Jose
5036,SSD,3,120,Hugo
5037,Mouse,10,20,Hugo
5038,Tablet,1,350,Gabriela
5039,RAM,4,90,Isabel
5040,Router,7,75,Carlos
5041,Webcam,12,60,Jose
5042,Microfono,20,70,Ana
5043,Impresora,7,250,Fernando
5044,Tablet,16,350,Elena
5045,Auriculares,14,80,Hugo
5046,Switch,9,95,Fernando
5047,Monitor,17,200,Carlos
5048,Tablet,14,350,Elena
5049,RAM,20,90,Ana
5050,Webcam,13,60,Carlos
5051,USB Hub,19,30,Fernando
5052,Router,15,75,Jose
5053,Mouse,12,20,Jose
5054,Switch,1,95,Carlos
5055,RAM,11,90,Elena
5056,Router,1,75,Elena
5057,Monitor,14,200,Beatriz
5058,RAM,3,90,Diego
5059,Switch,14,95,Ana
5060,Laptop,12,1500,Carlos
5061,Router,13,75,Beatriz
5062,Monitor,7,200,Isabel
5063,Tablet,11,350,Jose
5064,Teclado,7,45,Carlos
5065,Monitor,2,200,Diego
5066,Tablet,4,350,Gabriela
5067,SSD,17,120,Beatriz
5068,Switch,14,95,Ana
5069,RAM,15,90,Carlos
5070,Laptop,5,1500,Jose
5071,Auriculares,17,80,Jose
5072,Switch,10,95,Gabriela
5073,Webcam,20,60,Beatriz
5074,Monitor,2,200,Ana
5075,Tablet,13,350,Carlos
5076,Router,18,75,Ana
5077,SSD,8,120,Diego
5078,Parlantes,13,110,Gabriela
5079,Laptop,17,1500,Jose
5080,Auriculares,7,80,Hugo
5081,Mouse,14,20,Jose
5082,RAM,6,90,Gabriela
5083,Tablet,1,350,Fernando
5084,Parlantes,4,110,Carlos
5085,USB Hub,9,30,Elena
5086,Webcam,18,60,Isabel
5087,Switch,6,95,Gabriela
5088,Monitor,20,200,Hugo
5089,Switch,3,95,Isabel
5090,Auriculares,13,80,Ana
5091,Impresora,17,250,Fernando
5092,Tablet,13,350,Ana
5093,Impresora,3,250,Gabriela
5094,Laptop,9,1500,Fernando
5095,USB Hub,9,30,Gabriela
5096,Mouse,18,20,Isabel
5097,Auriculares,16,80,Elena
5098,Router,20,75,Jose
5099,Microfono,13,70,Beatriz
5100,Impresora,15,250,Carlos
5101,Microfono,13,70,Ana
5102,Monitor,16,200,Isabel
5103,Microfono,20,70,Elena
5104,Router,19,75,Gabriela
5105,Teclado,8,45,Isabel
5106,Webcam,10,60,Ana
5107,Microfono,15,70,Diego
5108,Laptop,8,1500,Fernando
5109,SSD,10,120,Hugo
5110,Monitor,6,200,Isabel
5111,Webcam,19,60,Beatriz
5112,Tablet,7,350,Hugo
5113,Microfono,7,70,Beatriz
5114,RAM,17,90,Ana
5115,Monitor,9,200,Hugo
5116,RAM,12,90,Isabel
5117,Monitor,20,200,Diego
5118,Auriculares,10,80,Diego
5119,Mouse,9,20,Diego
5120,Monitor,13,200,Carlos
5121,Microfono,15,70,Ana
5122,Monitor,2,200,Ana
5123,Microfono,17,70,Ana
5124,Auriculares,18,80,Ana
5125,Monitor,16,200,Gabriela
5126,USB Hub,4,30,Isabel
5127,Teclado,15,45,Hugo
5128,Microfono,6,70,Fernando
5129,Webcam,10,60,Hugo
5130,Switch,17,95,Gabriela
5131,Microfono,10,70,Hugo
5132,USB Hub,6,30,Gabriela
5133,Mouse,3,20,Carlos
5134,Laptop,14,1500,Gabriela
5135,USB Hub,7,30,Fernando
5136,Webcam,2,60,Gabriela
5137,Switch,19,95,Ana
5138,Teclado,14,45,Diego
5139,Mouse,17,20,Fernando
5140,Switch,13,95,Hugo
5141,Microfono,8,70,Elena
5142,Webcam,5,60,Carlos
5143,SSD,20,120,Carlos
5144,Mouse,12,20,Carlos
5145,Parlantes,16,110,Isabel
5146,Impresora,5,250,Isabel
5147,Monitor,12,200,Diego
5148,Impresora,15,250,Beatriz
5149,Tablet,4,350,Elena
5150,Laptop,17,1500,Diego
5151,Monitor,4,200,Hugo
5152,Switch,13,95,Carlos
5153,Monitor,8,200,Isabel
5154,Router,17,75,Hugo
5155,USB Hub,15,30,Elena
5156,Microfono,4,70,Hugo
5157,RAM,5,90,Fernando
5158,Webcam,18,60,Elena
5159,Switch,6,95,Carlos
5160,Switch,4,95,Hugo
5161,SSD,6,120,Ana
5162,Auriculares,9,80,Diego
5163,Microfono,10,70,Beatriz
5164,Parlantes,1,110,Elena
5165,Microfono,9,70,Elena
5166,Mouse,10,20,Gabriela
5167,Microfono,10,70,Jose
5168,Tablet,1,350,Carlos
5169,Mouse,12,20,Carlos
5170,Impresora,10,250,Beatriz
5171,Parlantes,16,110,Gabriela
5172,Switch,5,95,Diego
5173,RAM,16,90,Isabel
5174,Mouse,1,20,Gabriela
5175,Tablet,8,350,Carlos
5176,Impresora,2,250,Hugo
5177,USB Hub,2,30,Carlos
5178,Teclado,4,45,Jose
5179,Monitor,10,200,Beatriz
5180,USB Hub,18,30,Gabriela
5181,USB Hub,17,30,Ana
5182,Teclado,10,45,Carlos
5183,Laptop,6,1500,Fernando
5184,Impresora,13,250,Fernando
5185,RAM,11,90,Ana
5186,Webcam,8,60,Jose
5187,Switch,9,95,Diego
5188,Laptop,4,1500,Hugo
5189,Teclado,9,45,Ana
5190,Parlantes,14,110,Carlos
5191,Parlantes,7,110,Jose
5192,SSD,6,120,Carlos
5193,SSD,2,120,Elena
5194,Laptop,3,1500,Carlos
5195,Microfono,6,70,Diego
5196,Webcam,5,60,Beatriz
5197,Parlantes,6,110,Ana
5198,Parlantes,1,110,Hugo
5199,Monitor,2,200,Fernando
5200,Teclado,6,45,Fernando
5201,USB Hub,14,30,Hugo
5202,Impresora,6,250,Fernando
5203,Auriculares,3,80,Isabel
5204,Microfono,4,70,Beatriz
5205,USB Hub,6,30,Isabel
5206,Mouse,15,20,Isabel
5207,Microfono,8,70,Beatriz
5208,Impresora,12,250,Diego
5209,Teclado,12,45,Hugo
5210,Monitor,10,200,Isabel
5211,Router,19,75,Carlos
5212,Switch,5,95,Isabel
5213,USB Hub,3,30,Isabel
5214,Tablet,20,350,Isabel
5215,RAM,7,90,Beatriz
5216,Tablet,2,350,Elena
5217,Laptop,18,1500,Jose
5218,Impresora,20,250,Isabel
5219,Auriculares,10,80,Fernando
5220,SSD,12,120,Gabriela
5221,Microfono,16,70,Hugo
5222,USB Hub,19,30,Isabel
5223,Impresora,11,250,Jose
5224,Webcam,6,60,Elena
5225,Auriculares,5,80,Ana
5226,Tablet,4,350,Ana
5227,Switch,20,95,Ana
5228,Teclado,7,45,Beatriz
5229,Webcam,5,60,Beatriz
5230,RAM,13,90,Isabel
5231,Laptop,13,1500,Jose
5232,Monitor,12,200,Beatriz
5233,Teclado,19,45,Ana
5234,Parlantes,13,110,Ana
5235,Switch,5,95,Elena
5236,SSD,7,120,Hugo
5237,USB Hub,14,30,Isabel
5238,Impresora,11,250,Isabel
5239,Tablet,12,350,Fernando
5240,Microfono,19,70,Beatriz
5241,Tablet,18,350,Carlos
5242,USB Hub,14,30,Jose
5243,Webcam,20,60,Elena
5244,Laptop,2,1500,Elena
5245,RAM,5,90,Elena
5246,Router,4,75,Jose
5247,Auriculares,17,80,Carlos
5248,SSD,15,120,Diego
5249,Parlantes,13,110,Hugo
5250,Auriculares,14,80,Jose
5251,Router,17,75,Diego
5252,Impresora,17,250,Carlos
5253,Monitor,16,200,Hugo
5254,Auriculares,4,80,Carlos
5255,SSD,4,120,Diego
5256,Microfono,2,70,Diego
5257,Webcam,20,60,Ana
5258,Auriculares,17,80,Elena
5259,Laptop,8,1500,Carlos
5260,Auriculares,6,80,Elena
5261,Switch,19,95,Beatriz
5262,SSD,19,120,Gabriela
5263,USB Hub,18,30,Beatriz
5264,Impresora,19,250,Fernando
5265,Webcam,3,60,Elena
5266,Switch,1,95,Diego
5267,Parlantes,16,110,Gabriela
5268,Parlantes,14,110,Beatriz
5269,SSD,5,120,Fernando
5270,RAM,11,90,Isabel
5271,Auriculares,18,80,Beatriz
5272,Monitor,3,200,Hugo
5273,SSD,5,120,Diego
5274,Mouse,10,20,Carlos
5275,Mouse,17,20,Beatriz
5276,RAM,18,90,Gabriela
5277,Parlantes,14,110,Ana
5278,Tablet,3,350,Jose
5279,SSD,19,120,Diego
5280,Monitor,13,200,Diego
5281,Parlantes,8,110,Hugo
5282,Laptop,7,1500,Hugo
5283,Parlantes,18,110,Isabel
5284,Parlantes,8,110,Beatriz
5285,Auriculares,10,80,Elena
5286,Monitor,13,200,Isabel
5287,Mouse,14,20,Fernando
5288,USB Hub,20,30,Hugo
5289,Parlantes,2,110,Fernando
5290,Auriculares,8,80,Carlos
5291,Monitor,2,200,Elena
5292,Microfono,18,70,Gabriela
5293,Webcam,14,60,Jose
5294,RAM,18,90,Fernando
5295,Auriculares,7,80,Isabel
5296,Auriculares,13,80,Hugo
5297,Webcam,16,60,Jose
5298,Mouse,3,20,Hugo
5299,Monitor,3,200,Jose
5300,Auriculares,4,80,Gabriela
5301,Monitor,12,200,Isabel
5302,SSD,1,120,Fernando
5303,Laptop,9,1500,Fernando
5304,Laptop,9,1500,Jose
5305,Teclado,9,45,Diego
5306,Tablet,4,350,Carlos
5307,Monitor,14,200,Gabriela
5308,Router,20,75,Diego
5309,Auriculares,4,80,Fernando
5310,Auriculares,2,80,Beatriz
5311,USB Hub,7,30,Jose
5312,Monitor,17,200,Isabel
5313,Webcam,2,60,Jose
5314,Laptop,6,1500,Fernando
5315,Parlantes,17,110,Carlos
5316,Webcam,5,60,Jose
5317,RAM,1,90,Isabel
5318,Impresora,4,250,Fernando
5319,Webcam,16,60,Elena
5320,Microfono,9,70,Gabriela
5321,Router,17,75,Beatriz
5322,RAM,13,90,Beatriz
5323,Monitor,2,200,Gabriela
5324,Parlantes,7,110,Ana
5325,Teclado,13,45,Isabel
5326,Tablet,17,350,Fernando
5327,Impresora,1,250,Elena
5328,Impresora,15,250,Diego
5329,Teclado,16,45,Ana
5330,Impresora,12,250,Jose
5331,Monitor,7,200,Beatriz
5332,Auriculares,11,80,Diego
5333,Router,1,75,Hugo
5334,Parlantes,11,110,Elena
5335,SSD,18,120,Isabel
5336,Impresora,18,250,Hugo
5337,Tablet,16,350,Hugo
5338,Teclado,5,45,Isabel
5339,Tablet,18,350,Beatriz
5340,Switch,8,95,Ana
5341,Monitor,15,200,Beatriz
5342,RAM,17,90,Isabel
5343,Monitor,8,200,Beatriz
5344,Switch,11,95,Elena
5345,SSD,17,120,Diego
5346,Tablet,5,350,Carlos
5347,Switch,5,95,Hugo
5348,Laptop,20,1500,Elena
5349,Teclado,19,45,Jose
5350,Monitor,4,200,Elena
5351,Parlantes,9,110,Jose
5352,Laptop,19,1500,Elena
5353,Tablet,14,350,Gabriela
5354,Mouse,15,20,Carlos
5355,Microfono,13,70,Elena
5356,USB Hub,17,30,Hugo
5357,SSD,16,120,Ana
5358,Switch,1,95,Beatriz
5359,Webcam,19,60,Isabel
5360,Microfono,1,70,Isabel
5361,Tablet,3,350,Hugo
5362,Laptop,3,1500,Ana
5363,Microfono,5,70,Beatriz
5364,USB Hub,11,30,Diego
5365,Tablet,3,350,Elena
5366,SSD,5,120,Carlos
5367,Impresora,12,250,Hugo
5368,Mouse,11,20,Fernando
5369,Tablet,16,350,Beatriz
5370,Monitor,10,200,Ana
5371,Router,15,75,Beatriz
5372,Mouse,1,20,Jose
5373,Parlantes,18,110,Fernando
5374,Laptop,7,1500,Hugo
5375,Mouse,5,20,Elena
5376,Switch,18,95,Isabel
5377,Impresora,14,250,Isabel
5378,Microfono,3,70,Diego
5379,Impresora,5,250,Isabel
5380,Router,11,75,Gabriela
5381,USB Hub,5,30,Beatriz
5382,USB Hub,20,30,Diego
5383,Router,8,75,Fernando
5384,USB Hub,16,30,Ana
5385,USB Hub,12,30,Carlos
5386,RAM,4,90,Jose
5387,Webcam,12,60,Carlos
5388,USB Hub,10,30,Carlos
5389,Laptop,6,1500,Carlos
5390,Switch,3,95,Ana
5391,Webcam,17,60,Isabel
5392,Microfono,1,70,Carlos
5393,Router,9,75,Carlos
5394,Tablet,20,350,Jose
5395,USB Hub,8,30,Diego
5396,Impresora,1,250,Beatriz
5397,Laptop,15,1500,Hugo
5398,Router,4,75,Ana
5399,Impresora,12,250,Hugo
5400,Microfono,10,70,Isabel
5401,RAM,10,90,Carlos
5402,Impresora,4,250,Elena
5403,SSD,18,120,Isabel
5404,Switch,12,95,Carlos
5405,Laptop,17,1500,Gabriela
5406,USB Hub,1,30,Gabriela
5407,Laptop,10,1500,Isabel
5408,Parlantes,18,110,Beatriz
5409,Parlantes,19,110,Elena
5410,Switch,9,95,Jose
5411,Tablet,12,350,Jose
5412,Webcam,20,60,Hugo
5413,Laptop,20,1500,Carlos
5414,SSD,15,120,Elena
5415,Parlantes,17,110,Gabriela
5416,Router,5,75,Gabriela
5417,Impresora,20,250,Hugo
5418,Teclado,12,45,Isabel
5419,Teclado,1,45,Carlos
5420,Switch,17,95,Diego
5421,Mouse,6,20,Hugo
5422,Webcam,14,60,Beatriz
5423,Tablet,7,350,Jose
5424,Monitor,12,200,Ana
5425,Auriculares,20,80,Hugo
5426,RAM,6,90,Carlos
5427,Teclado,7,45,Carlos
5428,Impresora,3,250,Carlos
5429,Parlantes,6,110,Hugo
5430,Tablet,15,350,Elena
5431,Tablet,13,350,Carlos
5432,Parlantes,13,110,Fernando
5433,Switch,15,95,Beatriz
5434,RAM,20,90,Jose
5435,USB Hub,3,30,Carlos
5436,Laptop,13,1500,Gabriela
5437,Parlantes,13,110,Gabriela
5438,Switch,6,95,Diego
5439,Auriculares,19,80,Carlos
5440,Mouse,2,20,Diego
5441,Switch,16,95,Carlos
5442,Monitor,18,200,Diego
5443,Mouse,5,20,Beatriz
5444,Impresora,20,250,Hugo
5445,USB Hub,12,30,Hugo
5446,Auriculares,3,80,Fernando
5447,Auriculares,14,80,Carlos
5448,SSD,18,120,Ana
5449,Mouse,6,20,Jose
5450,Parlantes,18,110,Gabriela
5451,Auriculares,13,80,Gabriela
5452,Parlantes,14,110,Elena
5453,Parlantes,1,110,Beatriz
5454,Tablet,20,350,Ana
5455,Microfono,2,70,Beatriz
5456,RAM,10,90,Beatriz
5457,Webcam,4,60,Ana
5458,Laptop,7,1500,Elena
5459,Auriculares,19,80,Beatriz
5460,Auriculares,12,80,Hugo
5461,USB Hub,14,30,Beatriz
5462,SSD,15,120,Hugo
5463,Router,2,75,Jose
5464,Laptop,3,1500,Fernando
5465,Parlantes,18,110,Elena
5466,Monitor,7,200,Jose
5467,Laptop,16,1500,Carlos
5468,Parlantes,4,110,Isabel
5469,Router,17,75,Jose
5470,Monitor,11,200,Elena
5471,Router,15,75,Gabriela
5472,Auriculares,13,80,Jose
5473,RAM,13,90,Beatriz
5474,USB Hub,13,30,Jose
5475,Tablet,11,350,Elena
5476,Parlantes,15,110,Ana
5477,Laptop,11,1500,Jose
5478,Parlantes,9,110,Elena
5479,Switch,20,95,Fernando
5480,Monitor,19,200,Ana
5481,Teclado,12,45,Jose
5482,Parlantes,8,110,Fernando
5483,Auriculares,11,80,Fernando
5484,Parlantes,3,110,Isabel
5485,Monitor,1,200,Beatriz
5486,Laptop,14,1500,Gabriela
5487,USB Hub,7,30,Carlos
5488,Switch,13,95,Ana
5489,Impresora,5,250,Beatriz
5490,Auriculares,5,80,Hugo
5491,Router,12,75,Diego
5492,Laptop,2,1500,Gabriela
5493,SSD,17,120,Ana
5494,Impresora,18,250,Jose
5495,SSD,16,120,Isabel
5496,RAM,18,90,Hugo
5497,Tablet,16,350,Fernando
5498,Router,15,75,Elena
5499,Tablet,20,350,Hugo
5500,Auriculares,19,80,Diego
5501,Impresora,2,250,Carlos
5502,Auriculares,16,80,Carlos
5503,USB Hub,6,30,Jose
5504,RAM,3,90,Gabriela
5505,USB Hub,2,30,Diego
5506,Router,4,75,Elena
5507,Mouse,15,20,Diego
5508,Auriculares,19,80,Diego
5509,SSD,13,120,Carlos
5510,Parlantes,6,110,Ana
5511,Monitor,5,200,Elena
5512,RAM,10,90,Fernando
5513,Parlantes,3,110,Gabriela
5514,Switch,16,95,Fernando
5515,Router,19,75,Diego
5516,Microfono,1,70,Gabriela
5517,Router,1,75,Hugo
5518,RAM,3,90,Diego
5519,Tablet,4,350,Ana
5520,Laptop,14,1500,Carlos
5521,Laptop,14,1500,Carlos
5522,Switch,1,95,Gabriela
5523,Parlantes,11,110,Ana
5524,Webcam,19,60,Gabriela
5525,Laptop,19,1500,Elena
5526,Webcam,7,60,Beatriz
5527,Tablet,5,350,Fernando
5528,Parlantes,6,110,Hugo
5529,Monitor,7,200,Diego
5530,RAM,16,90,Jose
5531,Tablet,7,350,Gabriela
5532,Webcam,3,60,Carlos
5533,Webcam,18,60,Diego
5534,Microfono,3,70,Carlos
5535,Parlantes,5,110,Gabriela
5536,Impresora,1,250,Carlos
5537,Auriculares,5,80,Hugo
5538,Teclado,16,45,Jose
5539,Mouse,13,20,Elena
5540,USB Hub,1,30,Jose
5541,RAM,2,90,Elena
5542,Parlantes,13,110,Carlos
5543,Router,9,75,Fernando
5544,Webcam,14,60,Elena
5545,Teclado,8,45,Jose
5546,USB Hub,3,30,Gabriela
5547,SSD,4,120,Ana
5548,Teclado,12,45,Hugo
5549,Laptop,10,1500,Isabel
5550,Impresora,3,250,Elena
5551,Webcam,2,60,Hugo
5552,Webcam,11,60,Isabel
5553,Mouse,2,20,Beatriz
5554,USB Hub,12,30,Hugo
5555,Teclado,15,45,Ana
5556,RAM,20,90,Ana
5557,Parlantes,10,110,Ana
5558,Impresora,8,250,Diego
5559,Tablet,20,350,Hugo
5560,Parlantes,5,110,Carlos
5561,Auriculares,11,80,Beatriz
5562,SSD,1,120,Isabel
5563,Auriculares,11,80,Isabel
5564,Auriculares,4,80,Fernando
5565,Router,2,75,Elena
5566,Laptop,9,1500,Elena
5567,Laptop,20,1500,Beatriz
5568,RAM,1,90,Jose
5569,Teclado,16,45,Gabriela
5570,Switch,7,95,Isabel
5571,Monitor,18,200,Elena
5572,Teclado,14,45,Jose
5573,Webcam,10,60,Ana
5574,Microfono,14,70,Ana
5575,Teclado,3,45,Beatriz
5576,Tablet,11,350,Beatriz
5577,Monitor,5,200,Carlos
5578,Monitor,14,200,Isabel
5579,Webcam,11,60,Ana
5580,Mouse,1,20,Ana
5581,Webcam,5,60,Gabriela
5582,Impresora,7,250,Carlos
5583,Tablet,7,350,Beatriz
5584,SSD,12,120,Elena
5585,RAM,17,90,Fernando
5586,Switch,15,95,Gabriela
5587,Router,18,75,Diego
5588,Webcam,15,60,Ana
5589,USB Hub,16,30,Isabel
5590,Microfono,9,70,Ana
5591,Parlantes,8,110,Isabel
5592,Tablet,1,350,Diego
5593,Auriculares,8,80,Diego
5594,Parlantes,14,110,Carlos
5595,Auriculares,6,80,Isabel
5596,Microfono,10,70,Fernando
5597,Parlantes,2,110,Jose
5598,Tablet,3,350,Hugo
5599,Switch,3,95,Carlos
5600,RAM,7,90,Fernando
5601,Webcam,8,60,Fernando
5602,Switch,12,95,Fernando
5603,Webcam,3,60,Ana
5604,Switch,17,95,Carlos
5605,Parlantes,13,110,Carlos
5606,Webcam,9,60,Hugo
5607,RAM,8,90,Gabriela
5608,USB Hub,9,30,Fernando
5609,Mouse,9,20,Elena
5610,Webcam,9,60,Carlos
5611,Microfono,6,70,Jose
5612,Switch,15,95,Diego
5613,USB Hub,18,30,Fernando
5614,Auriculares,20,80,Elena
5615,SSD,13,120,Carlos
5616,Mouse,13,20,Beatriz
5617,SSD,14,120,Ana
5618,Auriculares,15,80,Jose
5619,Router,1,75,Ana
5620,Teclado,4,45,Ana
5621,Webcam,15,60,Elena
5622,Laptop,12,1500,Hugo
5623,Monitor,8,200,Beatriz
5624,Laptop,18,1500,Isabel
5625,Monitor,11,200,Ana
5626,SSD,8,120,Gabriela
5627,Teclado,13,45,Elena
5628,Monitor,18,200,Gabriela
5629,Parlantes,6,110,Carlos
5630,RAM,8,90,Isabel
5631,Laptop,9,1500,Hugo
5632,Auriculares,7,80,Carlos
5633,Laptop,7,1500,Hugo
5634,Tablet,4,350,Isabel
5635,Laptop,12,1500,Beatriz
5636,Mouse,5,20,Carlos
5637,Router,2,75,Beatriz
5638,Switch,18,95,Diego
5639,Switch,6,95,Carlos
5640,Tablet,2,350,Jose
5641,Router,17,75,Ana
5642,SSD,12,120,Beatriz
5643,Teclado,11,45,Carlos
5644,Microfono,3,70,Jose
5645,Mouse,20,20,Jose
5646,Parlantes,11,110,Hugo
5647,Webcam,5,60,Elena
5648,Teclado,15,45,Carlos
5649,SSD,4,120,Hugo
5650,Mouse,6,20,Fernando
5651,Monitor,14,200,Hugo
5652,Router,2,75,Ana
5653,Microfono,14,70,Beatriz
5654,Router,7,75,Carlos
5655,Router,13,75,Gabriela
5656,Monitor,4,200,Jose
5657,Mouse,15,20,Beatriz
5658,Microfono,5,70,Fernando
5659,Teclado,12,45,Isabel
5660,Router,15,75,Jose
5661,Laptop,20,1500,Elena
5662,Parlantes,16,110,Elena
5663,Switch,12,95,Elena
5664,Microfono,14,70,Isabel
5665,Teclado,16,45,Gabriela
5666,Webcam,1,60,Hugo
5667,Switch,5,95,Hugo
5668,Monitor,2,200,Jose
5669,SSD,16,120,Ana
5670,Parlantes,4,110,Isabel
5671,Auriculares,17,80,Carlos
5672,Parlantes,14,110,Jose
5673,Webcam,14,60,Hugo
5674,Microfono,2,70,Gabriela
5675,USB Hub,11,30,Elena
5676,Router,1,75,Beatriz
5677,Tablet,6,350,Fernando
5678,Microfono,5,70,Ana
5679,Impresora,12,250,Carlos
5680,Laptop,11,1500,Carlos
5681,Microfono,4,70,Isabel
5682,Laptop,9,1500,Fernando
5683,RAM,18,90,Fernando
5684,RAM,7,90,Isabel
5685,USB Hub,12,30,Elena
5686,Auriculares,19,80,Jose
5687,Mouse,1,20,Carlos
5688,Mouse,14,20,Hugo
5689,Webcam,15,60,Ana
5690,Microfono,11,70,Fernando
5691,Mouse,1,20,Beatriz
5692,RAM,7,90,Jose
5693,Router,6,75,Fernando
5694,Mouse,5,20,Ana
5695,Parlantes,13,110,Diego
5696,Monitor,4,200,Elena
5697,Impresora,1,250,Fernando
5698,RAM,14,90,Beatriz
5699,Monitor,12,200,Beatriz
5700,Router,3,75,Gabriela
5701,RAM,4,90,Elena
5702,RAM,3,90,Hugo
5703,Switch,4,95,Carlos
5704,Microfono,18,70,Beatriz
5705,Monitor,4,200,Diego
5706,Mouse,8,20,Carlos
5707,Monitor,18,200,Fernando
5708,Teclado,14,45,Isabel
5709,Mouse,6,20,Hugo
5710,Tablet,15,350,Hugo
5711,USB Hub,13,30,Elena
5712,Tablet,11,350,Fernando
5713,Webcam,17,60,Jose
5714,RAM,15,90,Ana
5715,USB Hub,8,30,Jose
5716,USB Hub,2,30,Isabel
5717,Monitor,2,200,Hugo
5718,SSD,5,120,Fernando
5719,SSD,18,120,Elena
5720,Router,8,75,Beatriz
5721,Mouse,2,20,Isabel
5722,Webcam,18,60,Ana
5723,Parlantes,9,110,Elena
5724,Auriculares,7,80,Beatriz
5725,USB Hub,7,30,Carlos
5726,USB Hub,1,30,Ana
5727,Switch,16,95,Beatriz
5728,RAM,12,90,Beatriz
5729,Tablet,10,350,Jose
5730,USB Hub,18,30,Diego
5731,Parlantes,11,110,Jose
5732,Microfono,20,70,Hugo
5733,Microfono,13,70,Carlos
5734,USB Hub,3,30,Fernando
5735,Webcam,1,60,Jose
5736,Switch,7,95,Diego
5737,SSD,20,120,Jose
5738,RAM,6,90,Jose
5739,Router,6,75,Elena
5740,Parlantes,13,110,Gabriela
5741,Microfono,13,70,Elena
5742,SSD,15,120,Diego
5743,Impresora,19,250,Beatriz
5744,Parlantes,17,110,Elena
5745,RAM,13,90,Ana
5746,Laptop,12,1500,Fernando
5747,Router,13,75,Hugo
5748,USB Hub,9,30,Hugo
5749,Teclado,2,45,Carlos
5750,Monitor,17,200,Ana
5751,Tablet,5,350,Gabriela
5752,Impresora,19,250,Carlos
5753,Webcam,5,60,Beatriz
5754,Laptop,11,1500,Hugo
5755,Auriculares,20,80,Diego
5756,Mouse,2,20,Diego
5757,Impresora,10,250,Elena
5758,Webcam,7,60,Fernando
5759,Webcam,15,60,Isabel
5760,Microfono,16,70,Diego
5761,Impresora,3,250,Elena
5762,Webcam,5,60,Carlos
5763,Switch,18,95,Gabriela
5764,RAM,6,90,Carlos
5765,Switch,20,95,Jose
5766,RAM,12,90,Ana
5767,Microfono,20,70,Hugo
5768,Impresora,19,250,Elena
5769,RAM,6,90,Gabriela
5770,Mouse,12,20,Fernando
5771,RAM,16,90,Fernando
5772,Switch,4,95,Diego
5773,Laptop,2,1500,Jose
5774,Auriculares,19,80,Hugo
5775,Mouse,6,20,Isabel
5776,Auriculares,12,80,Ana
5777,Impresora,2,250,Hugo
5778,Microfono,8,70,Hugo
5779,Switch,9,95,Beatriz
5780,Microfono,12,70,Diego
5781,Parlantes,11,110,Ana
5782,Auriculares,16,80,Ana
5783,Mouse,2,20,Isabel
5784,Parlantes,18,110,Diego
5785,Router,8,75,Jose
5786,Teclado,7,45,Jose
5787,Parlantes,11,110,Beatriz
5788,Auriculares,17,80,Beatriz
5789,Switch,9,95,Elena
5790,Router,20,75,Ana
5791,Teclado,1,45,Jose
5792,Impresora,20,250,Fernando
5793,Switch,18,95,Beatriz
5794,Router,8,75,Diego
5795,USB Hub,17,30,Carlos
5796,Tablet,20,350,Beatriz
5797,Webcam,18,60,Diego
5798,Parlantes,19,110,Elena
5799,SSD,15,120,Fernando
5800,Auriculares,7,80,Beatriz
5801,SSD,9,120,Elena
5802,Monitor,10,200,Carlos
5803,Tablet,18,350,Gabriela
5804,Parlantes,4,110,Hugo
5805,Parlantes,6,110,Isabel
5806,Router,3,75,Isabel
5807,USB Hub,14,30,Gabriela
5808,USB Hub,19,30,Elena
5809,SSD,8,120,Jose
5810,Webcam,2,60,Gabriela
5811,Teclado,20,45,Gabriela
5812,Impresora,13,250,Elena
5813,Microfono,11,70,Gabriela
5814,Tablet,11,350,Diego
5815,Switch,10,95,Diego
5816,Parlantes,19,110,Carlos
5817,Router,9,75,Hugo
5818,Teclado,17,45,Isabel
5819,Switch,5,95,Ana
5820,Laptop,13,1500,Isabel
5821,Laptop,5,1500,Beatriz
5822,Router,11,75,Jose
5823,Teclado,12,45,Jose
5824,Impresora,11,250,Fernando
5825,Auriculares,1,80,Gabriela
5826,Webcam,20,60,Hugo
5827,Webcam,2,60,Isabel
5828,Tablet,5,350,Hugo
5829,SSD,4,120,Fernando
5830,Tablet,9,350,Diego
5831,SSD,14,120,Carlos
5832,RAM,14,90,Beatriz
5833,Microfono,10,70,Elena
5834,Microfono,6,70,Diego
5835,Tablet,8,350,Carlos
5836,Microfono,20,70,Jose
5837,Laptop,4,1500,Diego
5838,Router,17,75,Gabriela
5839,USB Hub,16,30,Carlos
5840,Impresora,7,250,Diego
5841,Webcam,12,60,Jose
5842,Mouse,2,20,Carlos
5843,Auriculares,14,80,Elena
5844,SSD,17,120,Fernando
5845,Tablet,18,350,Beatriz
5846,RAM,6,90,Hugo
5847,Teclado,19,45,Carlos
5848,Webcam,4,60,Jose
5849,Switch,3,95,Diego
5850,Tablet,18,350,Hugo
5851,Switch,19,95,Beatriz
5852,Router,13,75,Beatriz
5853,SSD,3,120,Fernando
5854,Webcam,20,60,Diego
5855,SSD,12,120,Diego
5856,Tablet,7,350,Fernando
5857,Webcam,12,60,Fernando
5858,Laptop,14,1500,Gabriela
5859,USB Hub,3,30,Hugo
5860,Impresora,15,250,Beatriz
5861,Webcam,15,60,Hugo
5862,Monitor,8,200,Beatriz
5863,SSD,2,120,Hugo
5864,RAM,1,90,Elena
5865,Auriculares,7,80,Fernando
5866,Mouse,17,20,Ana
5867,USB Hub,5,30,Beatriz
5868,Teclado,19,45,Diego
5869,Impresora,9,250,Diego
5870,USB Hub,7,30,Jose
5871,Router,8,75,Carlos
5872,Impresora,16,250,Jose
5873,Teclado,15,45,Gabriela
5874,Auriculares,6,80,Ana
5875,SSD,5,120,Hugo
5876,Router,12,75,Isabel
5877,Parlantes,11,110,Gabriela
5878,Monitor,9,200,Diego
5879,SSD,16,120,Ana
5880,Microfono,3,70,Ana
5881,RAM,12,90,Diego
5882,RAM,11,90,Isabel
5883,Webcam,9,60,Jose
5884,Switch,6,95,Elena
5885,Laptop,2,1500,Diego
5886,Teclado,2,45,Jose
5887,Mouse,5,20,Carlos
5888,Impresora,4,250,Ana
5889,Parlantes,15,110,Beatriz
5890,Parlantes,5,110,Elena
5891,Webcam,17,60,Gabriela
5892,Mouse,16,20,Jose
5893,Teclado,1,45,Ana
5894,Tablet,3,350,Carlos
5895,Mouse,3,20,Carlos
5896,SSD,20,120,Fernando
5897,Teclado,4,45,Fernando
5898,USB Hub,17,30,Fernando
5899,Microfono,11,70,Hugo
5900,Webcam,5,60,Hugo
5901,Laptop,8,1500,Ana
5902,Laptop,5,1500,Hugo
5903,Auriculares,6,80,Fernando
5904,Auriculares,16,80,Hugo
5905,Laptop,10,1500,Fernando
5906,RAM,10,90,Carlos
5907,RAM,4,90,Carlos
5908,Mouse,14,20,Beatriz
5909,Mouse,20,20,Ana
5910,Auriculares,14,80,Jose
5911,Webcam,17,60,Jose
5912,Monitor,19,200,Carlos
5913,Microfono,9,70,Elena
5914,Laptop,13,1500,Fernando
5915,Monitor,19,200,Ana
5916,Laptop,3,1500,Diego
5917,USB Hub,14,30,Fernando
5918,Monitor,13,200,Beatriz
5919,Impresora,11,250,Elena
5920,Tablet,7,350,Isabel
5921,SSD,20,120,Hugo
5922,Switch,9,95,Beatriz
5923,Laptop,11,1500,Ana
5924,Laptop,11,1500,Ana
5925,USB Hub,20,30,Carlos
5926,Auriculares,8,80,Isabel
5927,Laptop,12,1500,Elena
5928,Tablet,13,350,Elena
5929,Microfono,18,70,Fernando
5930,SSD,2,120,Isabel
5931,Tablet,11,350,Diego
5932,USB Hub,10,30,Isabel
5933,Monitor,11,200,Isabel
5934,Microfono,6,70,Isabel
5935,Webcam,7,60,Beatriz
5936,Mouse,7,20,Diego
5937,SSD,10,120,Fernando
5938,Laptop,7,1500,Jose
5939,Switch,11,95,Jose
5940,Laptop,20,1500,Carlos
5941,Router,10,75,Carlos
5942,Tablet,20,350,Jose
5943,Impresora,10,250,Beatriz
5944,RAM,2,90,Carlos
5945,RAM,16,90,Jose
5946,SSD,4,120,Ana
5947,Impresora,17,250,Beatriz
5948,Teclado,5,45,Diego
5949,Teclado,9,45,Fernando
5950,SSD,17,120,Diego
5951,Teclado,9,45,Diego
5952,Router,11,75,Beatriz
5953,Webcam,1,60,Jose
5954,Microfono,16,70,Diego
5955,USB Hub,14,30,Jose
5956,Impresora,15,250,Fernando
5957,Laptop,14,1500,Gabriela
5958,Laptop,16,1500,Diego
5959,Parlantes,1,110,Beatriz
5960,Router,3,75,Diego
5961,Teclado,11,45,Beatriz
5962,Webcam,15,60,Jose
5963,Webcam,16,60,Carlos
5964,Parlantes,1,110,Gabriela
5965,Teclado,4,45,Carlos
5966,Impresora,3,250,Elena
5967,Impresora,4,250,Elena
5968,Webcam,12,60,Diego
5969,Microfono,4,70,Beatriz
5970,Monitor,18,200,Jose
5971,Monitor,4,200,Ana
5972,Impresora,8,250,Elena
5973,Impresora,14,250,Carlos
5974,Parlantes,16,110,Gabriela
5975,Microfono,5,70,Carlos
5976,Impresora,5,250,Elena
5977,Teclado,10,45,Gabriela
5978,Impresora,8,250,Isabel
5979,Microfono,17,70,Carlos
5980,Mouse,1,20,Fernando
5981,RAM,20,90,Beatriz
5982,Parlantes,13,110,Isabel
5983,Impresora,14,250,Isabel
5984,Mouse,7,20,Elena
5985,Microfono,19,70,Jose
5986,USB Hub,6,30,Elena
5987,Auriculares,1,80,Fernando
5988,Router,2,75,Jose
5989,Teclado,1,45,Elena
5990,Tablet,14,350,Isabel
5991,Teclado,15,45,Diego
5992,Tablet,11,350,Diego
5993,Parlantes,5,110,Jose
5994,Laptop,11,1500,Diego
5995,Parlantes,14,110,Carlos
5996,Teclado,20,45,Isabel
5997,Laptop,16,1500,Ana
5998,Router,14,75,Diego
5999,Tablet,1,350,Gabriela
6000,SSD,5,120,Elena
6001,Tablet,20,350,Ana
6002,Router,4,75,Beatriz
6003,Mouse,19,20,Carlos
6004,RAM,6,90,Beatriz
6005,Auriculares,1,80,Isabel
6006,Auriculares,17,80,Ana
6007,USB Hub,20,30,Jose
